NAME_0,NAME_1,NAME_2,ID_2,Mean_NDVI_001,Mean_NDVI_017,Mean_NDVI_033,Mean_NDVI_049,Mean_NDVI_065,Mean_NDVI_081,Mean_NDVI_097,Mean_NDVI_113,Mean_NDVI_129,Mean_NDVI_145,Mean_NDVI_161,Mean_NDVI_177,Mean_NDVI_193,Mean_NDVI_209,Mean_NDVI_225,Mean_NDVI_241,Mean_NDVI_257,Mean_NDVI_273,Mean_NDVI_289,Mean_NDVI_305,Mean_NDVI_321,Mean_NDVI_337,Mean_NDVI_353
Uganda,Adjumani,East Moyo,UGA.1.1_1,0.512161483,0.441541505,0.426681406,0.425004427,0.45642922,0.526926397,0.620289983,0.712592916,0.750091754,0.765065689,0.754955119,0.75733088,0.757043664,0.75600902,0.762345213,0.75351544,0.744778307,0.725210072,0.714901716,0.707013614,0.680697952,0.639975429,0.563919646
Uganda,Apac,Kole,UGA.2.1_1,0.578017954,0.503184873,0.463698487,0.421572532,0.432853503,0.492334554,0.556648328,0.636043631,0.686024761,0.698499204,0.686036146,0.682470143,0.687484076,0.695459236,0.685330732,0.683476513,0.689082006,0.699439968,0.726513694,0.740810111,0.728923089,0.684664809,0.617168153
Uganda,Apac,Kwania,UGA.2.2_1,0.497877362,0.43411022,0.399835948,0.36743672,0.386455377,0.443531907,0.505603506,0.563973737,0.598156922,0.600714914,0.580604397,0.565040166,0.556322757,0.56514694,0.562916162,0.567963102,0.568390255,0.598595722,0.623704932,0.638903149,0.628268152,0.590445039,0.537465835
Uganda,Apac,Maruzi,UGA.2.3_1,0.572120833,0.493764513,0.458569757,0.425848455,0.452154213,0.528542509,0.610228464,0.682620974,0.710832444,0.705795037,0.677813202,0.660730337,0.642659082,0.657634738,0.66098118,0.669139981,0.677593586,0.695679541,0.709053043,0.722943024,0.713051592,0.682828699,0.618648361
Uganda,Apac,Oyam,UGA.2.4_1,0.584645597,0.507831703,0.465586575,0.433499883,0.451921174,0.521857065,0.597377143,0.668842427,0.708245949,0.722902466,0.709931898,0.702114834,0.694040157,0.702264892,0.703665519,0.701940822,0.705667006,0.715011115,0.736254247,0.748002818,0.737166419,0.696849002,0.631174481
Uganda,Arua,Arua Municipality,UGA.3.1_1,0.46649387,0.410202284,0.394615805,0.38563155,0.396157512,0.443157332,0.482395553,0.50234979,0.530832692,0.546525781,0.572083714,0.574373077,0.570678185,0.570691526,0.571644892,0.577457272,0.577638882,0.571620793,0.589177644,0.595175,0.578532692,0.557739243,0.493940745
Uganda,Arua,Ayivu,UGA.3.2_1,0.509770089,0.447245033,0.421279688,0.408474163,0.422095201,0.478526563,0.533516853,0.575985938,0.606589955,0.619367355,0.637042243,0.645307031,0.640156138,0.64766317,0.656217411,0.66217221,0.66065,0.662129129,0.672379576,0.680308761,0.660917634,0.624649163,0.553936272
Uganda,Arua,Koboko,UGA.3.3_1,0.506498413,0.441598214,0.416969161,0.409832285,0.452483588,0.518702381,0.593351814,0.639659184,0.687957993,0.705738549,0.704348243,0.713160544,0.718285147,0.722145918,0.7235661,0.723413435,0.714598413,0.710528345,0.708493991,0.717978118,0.69245034,0.645827891,0.562259014
Uganda,Arua,Madi-Okollo,UGA.3.4_1,0.476591815,0.40799136,0.390739107,0.375500868,0.400059363,0.457109797,0.538645721,0.617425424,0.651554775,0.659628359,0.66231699,0.66231265,0.655702108,0.676906077,0.684483588,0.68622315,0.690704175,0.691297437,0.691334022,0.684506821,0.655532617,0.616632741,0.532494171
Uganda,Arua,Maracha,UGA.3.5_1,0.508171058,0.446155048,0.415861154,0.396701538,0.416399856,0.467999808,0.528885337,0.566280385,0.607491923,0.631632548,0.644173942,0.650989952,0.652615673,0.659346731,0.659522019,0.661638077,0.666320288,0.667786923,0.682535962,0.685069712,0.66478476,0.625202596,0.55669
Uganda,Arua,Terego,UGA.3.6_1,0.463424335,0.398879468,0.376447338,0.361518745,0.3898727,0.45182365,0.533973042,0.598899544,0.638615285,0.641952319,0.652295361,0.651582814,0.664408821,0.678076806,0.689827605,0.692572624,0.695325703,0.703017338,0.706049582,0.694827148,0.659194373,0.60668384,0.518302053
Uganda,Arua,Vurra,UGA.3.7_1,0.531305044,0.462532428,0.442450443,0.429246286,0.466225166,0.530648614,0.608686364,0.662126164,0.6999102,0.715610754,0.715358647,0.710269346,0.713355543,0.705608925,0.714222894,0.720068958,0.717734035,0.713169512,0.710923503,0.715644734,0.693011142,0.658363803,0.586534479
Uganda,Bugiri,Bukooli,UGA.4.1_1,0.616897873,0.575438224,0.549442265,0.523827166,0.534437055,0.571236098,0.636675651,0.699533971,0.718948379,0.714522807,0.678224774,0.646803668,0.614721956,0.603775811,0.597586497,0.59645109,0.610738703,0.637171239,0.668053801,0.683340245,0.686138596,0.663073472,0.637217438
Uganda,Bundibugyo,Bwamba,UGA.5.1_1,0.728142103,0.718230615,0.696991077,0.669047897,0.715422974,0.735823333,0.735829282,0.734121077,0.741636103,0.743573026,0.699274256,0.734260308,0.72855359,0.70313759,0.668902308,0.718895282,0.723303333,0.698706769,0.647150359,0.678966205,0.678556205,0.744144205,0.726212872
Uganda,Bundibugyo,Ntoroko,UGA.5.2_1,0.527869435,0.473419112,0.445240945,0.428509091,0.462019399,0.540141446,0.610979671,0.672432641,0.69973801,0.70609821,0.680806872,0.655291267,0.628761274,0.620449535,0.62887874,0.630785612,0.625508948,0.624598783,0.636594846,0.675476736,0.653383536,0.641232928,0.588089764
Uganda,Bushenyi,Buhweju,UGA.6.1_1,0.706439087,0.668603173,0.670282508,0.62261548,0.642843963,0.676141254,0.689326006,0.709580108,0.711481115,0.732286997,0.715530341,0.687238313,0.656518111,0.630282508,0.63384168,0.639221324,0.67474582,0.69126192,0.655611687,0.658492337,0.660718885,0.708534985,0.714147833
Uganda,Bushenyi,Bunyaruguru,UGA.6.2_1,0.558948956,0.516435495,0.512895495,0.494250549,0.511414835,0.558618516,0.5722,0.603517637,0.611747253,0.621422308,0.602995055,0.587271099,0.548777308,0.526203736,0.546438681,0.557707473,0.577714615,0.582523077,0.584677912,0.602085275,0.589466813,0.617088571,0.584033571
Uganda,Bushenyi,Igara,UGA.6.3_1,0.731485727,0.716482891,0.707941674,0.691764684,0.67013376,0.710719396,0.717847392,0.7222957,0.738597575,0.754222507,0.740120037,0.720951601,0.696054117,0.678186093,0.679626624,0.688221683,0.711663358,0.71190892,0.699345334,0.69297914,0.713512123,0.745598536,0.736619899
Uganda,Bushenyi,Ruhinda,UGA.6.4_1,0.715533703,0.709112975,0.684715032,0.662252136,0.64902678,0.699704589,0.718114873,0.712892089,0.735036709,0.731258703,0.696531883,0.670103085,0.634778877,0.624587698,0.623999367,0.64364731,0.675264478,0.679048497,0.699802532,0.693993196,0.694034415,0.736330854,0.712312421
Uganda,Bushenyi,Sheema,UGA.6.5_1,0.70170703,0.671101152,0.667056606,0.634919697,0.632817212,0.67521697,0.674095333,0.686464727,0.702416667,0.715819333,0.692305939,0.651288545,0.613757697,0.597799515,0.595541091,0.613220606,0.645493818,0.660536242,0.667961212,0.689569333,0.692129818,0.717318303,0.703812424
Uganda,Busia,Samia-Bugwe,UGA.7.1_1,0.643424971,0.596790035,0.570474678,0.550955744,0.558521336,0.589523681,0.661028605,0.71595041,0.734830246,0.736807093,0.70650551,0.680725205,0.646677843,0.640949941,0.63175973,0.6294932,0.644967937,0.670505627,0.694517351,0.709096131,0.714804982,0.6936034,0.665805041
Uganda,Gulu,Aswa,UGA.8.1_1,0.492653698,0.425181206,0.408834762,0.410731795,0.456780876,0.527755629,0.620876072,0.712202638,0.746363636,0.754703015,0.737918512,0.73462553,0.730755346,0.732725012,0.730431889,0.723342016,0.707592134,0.690020914,0.688225907,0.67804861,0.652130711,0.607958549,0.539054357
Uganda,Gulu,Gulu,UGA.8.2_1,0.515442312,0.454549454,0.422757044,0.401002059,0.422201587,0.45798998,0.50874747,0.57474752,0.612165575,0.621709425,0.623066964,0.628023264,0.629316617,0.627854563,0.636308829,0.636831349,0.639552381,0.630644048,0.6496813,0.653868155,0.644066369,0.610406845,0.562151389
Uganda,Gulu,Kilak,UGA.8.3_1,0.496929312,0.42756065,0.414608624,0.413688219,0.454528369,0.528769274,0.619628841,0.705979453,0.747694581,0.7581459,0.744797455,0.741559095,0.73701475,0.739040716,0.744215457,0.734152309,0.725481574,0.705465457,0.698919981,0.692187465,0.664564043,0.623312064,0.544387088
Uganda,Gulu,Nwoya,UGA.8.4_1,0.534289803,0.463230555,0.436421789,0.427393703,0.47836458,0.564600286,0.655804651,0.712648658,0.746422826,0.750266619,0.727101252,0.715284007,0.705657531,0.708269195,0.711394562,0.706329589,0.705742612,0.689098819,0.68844644,0.684573309,0.664286655,0.633475778,0.578777209
Uganda,Gulu,Omoro,UGA.8.5_1,0.566156071,0.489242688,0.457781975,0.442266919,0.480309282,0.557225634,0.641018025,0.725572045,0.751469725,0.763096492,0.746618564,0.741571614,0.735978845,0.738942472,0.735854344,0.740834754,0.735975931,0.725436697,0.736774528,0.739615866,0.728595143,0.684893848,0.619797841
Uganda,Hoima,Bugahya,UGA.9.1_1,0.608417624,0.54211661,0.507740259,0.479134291,0.51762134,0.568234459,0.667474043,0.715795552,0.750374887,0.751254955,0.721797297,0.700814752,0.68043018,0.659482489,0.677806869,0.674419932,0.698567849,0.685349099,0.699928322,0.736486149,0.724479955,0.717568074,0.667035923
Uganda,Hoima,Buhaguzi,UGA.9.2_1,0.661994758,0.603147016,0.574485081,0.544913508,0.585410484,0.628535403,0.71048129,0.761792581,0.786713387,0.7866375,0.762226452,0.741179839,0.716585484,0.69735629,0.698446048,0.697292419,0.729275,0.714609355,0.72753621,0.763213226,0.756259839,0.755282097,0.713023548
Uganda,Iganga,Bugweri,UGA.10.1_1,0.617893483,0.583420112,0.556285955,0.533858652,0.552923146,0.586457022,0.635954494,0.69698191,0.711950562,0.712633371,0.686900899,0.663432921,0.640904944,0.631871348,0.621894719,0.618904607,0.633386067,0.659660225,0.694847865,0.696487416,0.691015618,0.664060281,0.640163034
Uganda,Iganga,Busiki,UGA.10.2_1,0.591861285,0.554460188,0.52764629,0.49822116,0.51392581,0.54620768,0.596154232,0.659333699,0.689007106,0.690622466,0.66752722,0.648041484,0.630757994,0.619672362,0.606816614,0.614758516,0.629295559,0.645089864,0.668385789,0.669707106,0.663893678,0.643391014,0.616488297
Uganda,Iganga,Kigulu,UGA.10.3_1,0.622856702,0.588276743,0.559998928,0.53805935,0.562178251,0.597079826,0.658206166,0.711947118,0.726741421,0.730568499,0.700501542,0.678981501,0.655960992,0.647403485,0.643438003,0.645480965,0.663892493,0.67656756,0.705792694,0.700480965,0.702894102,0.67334571,0.651956367
Uganda,Iganga,Luuka,UGA.10.4_1,0.632419069,0.590276409,0.560595806,0.528449017,0.557220904,0.593480668,0.653207995,0.706722346,0.725804456,0.735771625,0.705698952,0.683409305,0.661698362,0.650439187,0.649728178,0.653149672,0.668537025,0.673357995,0.701280734,0.703591612,0.702853997,0.681284797,0.655452883
Uganda,Jinja,Butembe,UGA.11.1_1,0.64215132,0.600215759,0.591058168,0.550548185,0.579883993,0.602296205,0.640130569,0.670013366,0.692634653,0.701865594,0.68987401,0.665011592,0.647124835,0.634354455,0.632059488,0.635062252,0.641974917,0.64300297,0.677342533,0.661980858,0.681855858,0.670760066,0.654935479
Uganda,Jinja,Jinja,UGA.11.2_1,0.553303701,0.497822656,0.498148067,0.461893174,0.509558059,0.525615378,0.566675329,0.594931826,0.609253824,0.607590008,0.593975164,0.57119449,0.541862993,0.543342516,0.52274153,0.540666324,0.552702919,0.530523396,0.577795025,0.58637023,0.590241201,0.572913158,0.564708799
Uganda,Jinja,Kagoma,UGA.11.3_1,0.659748507,0.621747122,0.604187846,0.572035394,0.592186407,0.628621109,0.67196951,0.698295736,0.717821802,0.727817377,0.715373667,0.688779851,0.663567271,0.652622655,0.647573348,0.637241045,0.661933849,0.666794456,0.703989659,0.69435597,0.717085501,0.691383529,0.679483262
Uganda,Kabale,Kabale,UGA.12.1_1,0.60239332,0.599291758,0.586178984,0.575656484,0.598293516,0.624003242,0.592818242,0.595244453,0.652255625,0.641468516,0.635137617,0.602922734,0.558864609,0.533645625,0.539526953,0.518835156,0.569157344,0.546509297,0.593637266,0.570178906,0.612359297,0.644371133,0.573214375
Uganda,Kabale,Ndorwa,UGA.12.2_1,0.623029199,0.601713174,0.595275809,0.574258243,0.600437596,0.615012904,0.587329122,0.5790552,0.656581433,0.679632512,0.668046302,0.636715639,0.585141217,0.541938059,0.54155077,0.52875624,0.562124653,0.561977311,0.597777851,0.604054892,0.624826541,0.652367103,0.605946109
Uganda,Kabale,Rubanda,UGA.12.3_1,0.628377343,0.612873665,0.609496738,0.56837669,0.610701305,0.620107236,0.595179953,0.587157058,0.665092645,0.675446263,0.666333393,0.645564887,0.603679715,0.568522242,0.559953144,0.553246797,0.591820403,0.564435706,0.570764057,0.561716548,0.61112153,0.664258363,0.608851423
Uganda,Kabale,Rukiga,UGA.12.4_1,0.636011593,0.603667994,0.590790121,0.568765827,0.580495464,0.620474194,0.61371754,0.624508065,0.678314113,0.666399597,0.642604435,0.597173942,0.553859173,0.528059425,0.523108972,0.522040323,0.550361946,0.552491986,0.603149698,0.628521673,0.59840877,0.672272581,0.651441935
Uganda,Kabarole,Bunyangabu,UGA.13.1_1,0.708283478,0.670793123,0.654835986,0.624477768,0.647794637,0.662581315,0.67979282,0.694301168,0.718306747,0.730449913,0.706198616,0.707558175,0.646867907,0.630430709,0.633286505,0.663753503,0.689645502,0.677635467,0.650625692,0.654607958,0.677823097,0.735657958,0.717652682
Uganda,Kabarole,Burahya,UGA.13.2_1,0.739062624,0.698858537,0.684609888,0.669552142,0.688625379,0.736493342,0.762423995,0.787899539,0.81037416,0.814019644,0.800170468,0.789005471,0.770257877,0.754868095,0.753203626,0.756123797,0.764034146,0.750388794,0.741116414,0.763037574,0.759496243,0.789093606,0.774063151
Uganda,Kabarole,Fort Portal,UGA.13.3_1,0.684026528,0.651376806,0.644596944,0.635884444,0.652773611,0.699702986,0.726769583,0.746509236,0.758226806,0.752369167,0.740379653,0.719330278,0.70372125,0.701836458,0.712141806,0.690960208,0.720894583,0.71022375,0.72867875,0.717092569,0.718491875,0.736080903,0.718490903
Uganda,Kaberamaido,Kaberamaido,UGA.14.1_1,0.440355539,0.385415944,0.360632466,0.332332635,0.353757418,0.410161127,0.470677938,0.540648892,0.56289104,0.561910116,0.541243738,0.53082736,0.52460395,0.524270906,0.515801879,0.529277023,0.530789981,0.549150867,0.553928131,0.572202649,0.551537669,0.523479287,0.466026204
Uganda,Kaberamaido,Kalaki,UGA.14.2_1,0.507564369,0.45482535,0.42545222,0.391734141,0.418014077,0.471608966,0.546341822,0.619086098,0.636468808,0.648324766,0.628781542,0.614209696,0.618443692,0.616847196,0.606811565,0.609573364,0.608961098,0.622937033,0.638643575,0.646892231,0.631315771,0.595830199,0.540313785
Uganda,Kalangala,Bujumba,UGA.15.1_1,0.61057037,0.639243122,0.609862169,0.641911574,0.669304762,0.560876984,0.621965278,0.582742857,0.665081085,0.717084392,0.678572685,0.680429762,0.65263545,0.611368254,0.601480291,0.621044312,0.574181415,0.63587004,0.602520767,0.632167593,0.59912791,0.637158929,0.631962302
Uganda,Kalangala,Kyamuswa,UGA.15.2_1,0.647408816,0.609380978,0.622603744,0.6382907,0.6612907,0.580820531,0.627352234,0.601318539,0.683064795,0.703333092,0.602972283,0.611667512,0.582210024,0.570945894,0.559369444,0.569053865,0.521750121,0.606897403,0.586496135,0.595659118,0.60988756,0.6138657,0.627582971
Uganda,Kampala,Kampala,UGA.16.1_1,0.436774708,0.42001361,0.418232126,0.405313668,0.412872722,0.423051665,0.445508265,0.455174299,0.465531075,0.461164194,0.442332827,0.440105228,0.420625526,0.419795765,0.422634141,0.418418224,0.4268842,0.426894539,0.453016472,0.446354936,0.453980724,0.432579468,0.43801507
Uganda,Kamuli,Budiope,UGA.17.1_1,0.439312755,0.392229414,0.366841739,0.339736723,0.344195393,0.38794049,0.435980527,0.487370495,0.51578788,0.517726827,0.508252973,0.494108443,0.486387472,0.477629959,0.478418974,0.480072946,0.48253872,0.494848116,0.507214253,0.532363686,0.52563241,0.505518974,0.470571266
Uganda,Kamuli,Bugabula,UGA.17.2_1,0.640252363,0.589640623,0.553931208,0.520729295,0.543763316,0.592909827,0.65035889,0.710327532,0.740173893,0.743059265,0.719537509,0.698665866,0.6765988,0.663413803,0.666090473,0.666492723,0.673867742,0.685421305,0.707857089,0.715148237,0.712772243,0.695349662,0.668428507
Uganda,Kamuli,Bulamogi,UGA.17.3_1,0.551388435,0.505314469,0.473597884,0.444405856,0.454763927,0.500319291,0.563984941,0.631316929,0.659929232,0.66661186,0.643802264,0.625895768,0.610358661,0.596412746,0.591978051,0.594175738,0.599544094,0.616983465,0.63742874,0.65025251,0.640951378,0.614640945,0.5775156
Uganda,Kamuli,Buzaaya,UGA.17.4_1,0.651374585,0.604724066,0.571373651,0.542101763,0.566040975,0.614418983,0.666238693,0.716621162,0.7383986,0.742574689,0.719514056,0.690078112,0.660052801,0.649859284,0.650431483,0.650321992,0.668937189,0.680714834,0.704701971,0.715525882,0.716069606,0.689864938,0.674793154
Uganda,Kamwenge,Kibale,UGA.18.1_1,0.713126519,0.657259354,0.646611331,0.624304243,0.653801254,0.701972903,0.730004629,0.754435969,0.782745564,0.773264899,0.736679749,0.70899296,0.670193346,0.662937223,0.679657232,0.701952748,0.720190839,0.741555545,0.750422565,0.771840405,0.769080714,0.780815429,0.745254436
Uganda,Kamwenge,Kitagwenda,UGA.18.2_1,0.637557666,0.576660877,0.559352314,0.532928798,0.553265193,0.610327693,0.637827348,0.666637638,0.684534807,0.6953625,0.662112431,0.638164641,0.58663018,0.566836533,0.581408356,0.599078591,0.623271823,0.656836878,0.672524378,0.698620718,0.687218163,0.697058287,0.664478867
Uganda,Kanungu,Kinkiizi,UGA.19.1_1,0.689988064,0.646057692,0.641791844,0.606795027,0.621587997,0.659801459,0.665428448,0.681501857,0.723253912,0.721515252,0.713571353,0.693702653,0.654954045,0.639598143,0.641329907,0.644321021,0.669068302,0.671724337,0.675488926,0.703955172,0.695852387,0.730437931,0.679076393
Uganda,Kapchorwa,Kongasis,UGA.20.1_1,0.621321205,0.589969884,0.567618564,0.534741254,0.530107921,0.548772195,0.575084035,0.619719018,0.676324876,0.70964802,0.677416832,0.663731312,0.63319637,0.63620099,0.656598061,0.654365594,0.684314109,0.655660974,0.632869637,0.666949629,0.661671163,0.667274175,0.646611469
Uganda,Kapchorwa,Kween,UGA.20.2_1,0.506642442,0.465777177,0.438284284,0.404901251,0.410496872,0.4396503,0.496400701,0.582188388,0.646679029,0.673669469,0.654185586,0.627964765,0.620182432,0.618091041,0.632935085,0.612793944,0.625189239,0.610122422,0.617065666,0.622387588,0.605683383,0.572783684,0.538503954
Uganda,Kapchorwa,Tingey,UGA.20.3_1,0.65824,0.618262317,0.59575439,0.563238415,0.562687195,0.585320854,0.612847988,0.629114207,0.669659878,0.701878537,0.690254268,0.664627378,0.695745244,0.640268476,0.677235732,0.641849024,0.69538439,0.642029939,0.635807805,0.708582744,0.714372805,0.691906463,0.683242988
Uganda,Kasese,Bukonjo,UGA.21.1_1,0.542179833,0.540091961,0.500983039,0.487713662,0.500486571,0.520594888,0.524899628,0.546255437,0.578217333,0.598124349,0.564111013,0.591407388,0.539922072,0.502265428,0.52070316,0.516489312,0.553596329,0.565148048,0.50868513,0.539736896,0.510577416,0.57150539,0.547962546
Uganda,Kasese,Busongora,UGA.21.2_1,0.559444268,0.5183069,0.498174982,0.478709342,0.49857339,0.533257537,0.557149009,0.578613659,0.605776929,0.606054565,0.566762527,0.560806829,0.500924558,0.477952972,0.495622081,0.519829653,0.552728733,0.56239034,0.566852902,0.598096886,0.591227176,0.615980821,0.584664437
Uganda,Katakwi,Amuria,UGA.22.1_1,0.490974984,0.447234848,0.422281985,0.394177847,0.410500809,0.464586403,0.532578718,0.625457747,0.636571064,0.655476914,0.634989172,0.639026882,0.641595146,0.650160797,0.640412321,0.627950965,0.617414935,0.615504978,0.62953435,0.627483883,0.611175358,0.573391413,0.528990666
Uganda,Katakwi,Kapelebyong,UGA.22.2_1,0.451536568,0.40735218,0.392098945,0.369752039,0.390239733,0.451161181,0.529813713,0.636286568,0.654659283,0.677718776,0.654496414,0.661103657,0.662168706,0.663264346,0.649495921,0.632334459,0.610415401,0.596569902,0.591218214,0.58108474,0.565678446,0.526458017,0.483551617
Uganda,Katakwi,Usuk,UGA.22.3_1,0.453321895,0.416765789,0.396647895,0.370429474,0.382173614,0.433907018,0.504414421,0.607410947,0.633003579,0.651374877,0.631086737,0.629289123,0.624523439,0.625950737,0.609608211,0.59843986,0.577654596,0.566946456,0.57183586,0.566640526,0.551435474,0.516275579,0.486106526
Uganda,Kayunga,Bbaale,UGA.23.1_1,0.58256038,0.537737281,0.509436257,0.482537646,0.502381031,0.54245201,0.605087646,0.660085088,0.685607822,0.684814108,0.662166228,0.645718348,0.625507456,0.614234722,0.619236111,0.625519006,0.626128289,0.628545541,0.649222076,0.667176974,0.663248684,0.649671857,0.614332018
Uganda,Kayunga,Ntenjeru,UGA.23.2_1,0.68446266,0.641282372,0.613808974,0.589080409,0.618355489,0.654388462,0.700227724,0.738861058,0.754114263,0.758838782,0.739565224,0.719279567,0.688090064,0.67410617,0.680396795,0.679327163,0.693973397,0.69445625,0.724865545,0.73655641,0.746490224,0.727167788,0.706466827
Uganda,Kibale,Bugangaizi,UGA.24.1_1,0.66725123,0.613749436,0.586048258,0.56163627,0.595837039,0.65755543,0.729620594,0.778982889,0.798438473,0.78174334,0.753766906,0.729016291,0.692346158,0.674759887,0.686820902,0.69523166,0.729131711,0.732018904,0.74720748,0.777232992,0.774584734,0.762470184,0.720504611
Uganda,Kibale,Buyaga,UGA.24.2_1,0.70237851,0.636378266,0.604472894,0.568222405,0.605233822,0.658098046,0.727544261,0.786756044,0.802484371,0.795513309,0.770968437,0.743781685,0.71383779,0.69160348,0.709173382,0.715527839,0.745046154,0.757325519,0.763107814,0.792275092,0.789986081,0.782686264,0.744940293
Uganda,Kibale,Buyanja,UGA.24.3_1,0.727757007,0.664112839,0.647404549,0.623623037,0.654032428,0.704483272,0.751668966,0.791385033,0.811088628,0.796016508,0.778072487,0.755291709,0.717192296,0.705443507,0.715160382,0.722699486,0.748522524,0.749222524,0.766901101,0.794515994,0.799110345,0.791244901,0.759527513
Uganda,Kiboga,Kiboga,UGA.25.1_1,0.640991267,0.581939635,0.549433786,0.534194828,0.566837304,0.625553285,0.707020475,0.749869182,0.775775329,0.763224756,0.729337007,0.696215261,0.671473082,0.670996227,0.680518737,0.684011954,0.717374735,0.70892518,0.721723018,0.750276219,0.756022552,0.74312251,0.696106486
Uganda,Kisoro,Kisoro,UGA.26.1_1,0.648217918,0.645689952,0.632709564,0.583180508,0.633054237,0.658834625,0.660275303,0.678600242,0.717424455,0.710533414,0.691191828,0.665068765,0.625366102,0.598769855,0.585991949,0.585730085,0.625185169,0.621046731,0.612649758,0.609390194,0.618229843,0.673811441,0.616028814
Uganda,Kitgum,Chua,UGA.27.1_1,0.432618284,0.374903076,0.35158832,0.345650764,0.366673478,0.430498344,0.517254334,0.643631448,0.704679974,0.727180297,0.712704237,0.714309099,0.718357453,0.723043235,0.715379393,0.707488621,0.682061131,0.661559647,0.641455152,0.620461863,0.592967563,0.530507722,0.469057604
Uganda,Kitgum,Lamwo,UGA.27.2_1,0.419413107,0.359039444,0.342427375,0.341936939,0.372550626,0.43905472,0.540766575,0.66564143,0.717966881,0.743600917,0.728753132,0.732826276,0.734921479,0.740502047,0.735561748,0.729976658,0.704119279,0.685863856,0.662657684,0.643469111,0.612093981,0.547553193,0.467746104
Uganda,Kotido,Dodoth,UGA.28.1_1,0.401930822,0.363207273,0.339921891,0.317255058,0.32926046,0.381868491,0.44530334,0.540677043,0.610583558,0.629908884,0.619618337,0.617720303,0.628209334,0.642086235,0.633094717,0.611483298,0.581918313,0.550333902,0.532992656,0.528822838,0.515041649,0.478566217,0.435034447
Uganda,Kotido,Jie,UGA.28.2_1,0.327780952,0.295439575,0.280082594,0.262935229,0.270081068,0.309788488,0.367873162,0.479363153,0.540188997,0.581025428,0.581460656,0.592188534,0.613344198,0.627020388,0.614045816,0.584762552,0.548026214,0.51192834,0.482325104,0.463400277,0.432849792,0.394854554,0.356105317
Uganda,Kotido,Labwor,UGA.28.3_1,0.407169627,0.367872128,0.363184197,0.3552,0.375321058,0.433501667,0.522190649,0.644550779,0.691495832,0.718934469,0.708648786,0.711025806,0.722930627,0.719186517,0.708553969,0.682956433,0.654955636,0.6215307,0.5904249,0.57107626,0.534656325,0.480283001,0.436919609
Uganda,Kumi,Bukedea,UGA.29.1_1,0.513468735,0.471677575,0.439354177,0.410245377,0.431316667,0.479760341,0.532762084,0.615803204,0.645184023,0.658728386,0.649573925,0.637487551,0.631853122,0.627371046,0.611393755,0.599752839,0.59797648,0.606453852,0.614167559,0.623477697,0.614022547,0.579939173,0.55190665
Uganda,Kumi,Kumi,UGA.29.2_1,0.477487201,0.436479346,0.408929904,0.383274561,0.393988078,0.435597967,0.480302791,0.566502392,0.591903349,0.615719298,0.601627951,0.594378788,0.585348166,0.581305263,0.560194896,0.547952632,0.551234848,0.575825917,0.598450797,0.603298923,0.587719777,0.550580223,0.515755821
Uganda,Kumi,Ngora,UGA.29.3_1,0.490364379,0.451128787,0.423718225,0.394455651,0.399269112,0.432179438,0.486168047,0.563851834,0.596874083,0.612326864,0.596715266,0.58422071,0.575271006,0.570037988,0.549268994,0.548409112,0.547343077,0.569396095,0.593070888,0.600781183,0.589568817,0.55528071,0.518142249
Uganda,Kyenjojo,Kyaka,UGA.30.1_1,0.722920137,0.658788927,0.635843459,0.617567369,0.643166585,0.692379765,0.742837139,0.756758697,0.784453013,0.767691426,0.729040568,0.684431553,0.639572268,0.632126017,0.655517344,0.696576874,0.729037041,0.742672415,0.756126311,0.762027585,0.766207349,0.780894659,0.749730818
Uganda,Kyenjojo,Mwenge,UGA.30.2_1,0.72592093,0.678006759,0.649554797,0.629781395,0.664322238,0.71710625,0.748116497,0.78159564,0.797172456,0.790981831,0.771519331,0.747395058,0.715092515,0.701907413,0.719629142,0.7257375,0.741448692,0.752232413,0.75375218,0.780267951,0.782744186,0.785795276,0.760581613
Uganda,Lake Albert,Lake Albert,UGA.31.1_1,-0.068816085,-0.080139769,-0.067403209,-0.052809875,-0.03228463,-0.013485271,0.005596528,0.006261675,0.021098199,0.024582569,0.029864655,0.021598825,0.003636558,0.004999477,0.00985018,0.022182885,0.018391098,0.012554546,0.021277553,0.018032797,0.008220215,0.00161658,-0.031391739
Uganda,Lake Victoria,Lake Victoria,UGA.32.1_1,-0.015460343,-0.020115416,-0.00762871,0.000542894,0.001361501,0.009508731,0.01110692,0.007252895,0.004139313,0.002395008,-0.004631963,-0.015414848,-0.017445921,-0.013783323,-0.00093393,-0.000891546,0.003533034,-0.006871607,-0.006765765,-0.012369383,-0.009958819,-0.007481307,-0.005506853
Uganda,Lira,Dokolo,UGA.33.1_1,0.523460996,0.464242072,0.434250797,0.398518048,0.41510502,0.469365139,0.548826454,0.615961116,0.64809239,0.657869721,0.637347331,0.616809482,0.611878884,0.613695936,0.604101753,0.603256175,0.605078406,0.621061514,0.638889084,0.656156454,0.643020159,0.604721315,0.553389363
Uganda,Lira,Erute,UGA.33.2_1,0.546555956,0.475707478,0.44452773,0.40779143,0.418091529,0.469785043,0.539940768,0.614824156,0.657802515,0.672753805,0.663373263,0.667229649,0.670995632,0.675902052,0.664909596,0.661209662,0.668099073,0.676533554,0.699667505,0.711359629,0.695289345,0.648359166,0.58239047
Uganda,Lira,Kyoga,UGA.33.3_1,0.299224623,0.257370073,0.246390511,0.224487397,0.233459075,0.272063163,0.307876959,0.35710253,0.380602968,0.377537056,0.35490545,0.345643309,0.333808954,0.337747275,0.343463017,0.356020073,0.356484258,0.377404891,0.388560535,0.406021509,0.396633917,0.383163212,0.331442774
Uganda,Lira,Lira,UGA.33.4_1,0.490266667,0.432051442,0.40740637,0.382848197,0.396628045,0.437553085,0.49258758,0.546631571,0.593185136,0.599011699,0.591379607,0.59408774,0.594459655,0.597290785,0.584553125,0.586477003,0.602116827,0.604854768,0.626827444,0.639901763,0.620036258,0.577389984,0.524844151
Uganda,Lira,Moroto,UGA.33.5_1,0.499347062,0.444669334,0.419272971,0.389570593,0.400624566,0.457253106,0.533522104,0.614718299,0.636961947,0.651543593,0.634330162,0.644096642,0.648411248,0.653741242,0.647299776,0.639323447,0.6381,0.637849356,0.646094684,0.650168439,0.632179071,0.589895691,0.535502518
Uganda,Lira,Otuke,UGA.33.6_1,0.460987816,0.411453685,0.396697992,0.381455528,0.406370682,0.459902008,0.551186579,0.642843344,0.670873487,0.683271232,0.655951375,0.662948185,0.667979373,0.670232013,0.664078823,0.660366887,0.644108801,0.625960781,0.614876678,0.605844499,0.581741969,0.536402035,0.487362266
Uganda,Luwero,Bamunanika,UGA.34.1_1,0.679737824,0.632824856,0.606652594,0.589860339,0.620941354,0.649725793,0.709609438,0.748343156,0.775540346,0.771975072,0.750646542,0.733984294,0.713250504,0.705856484,0.70154049,0.70016513,0.710751225,0.718640058,0.733060231,0.743317651,0.755931556,0.741660807,0.713238617
Uganda,Luwero,Katikamu,UGA.34.2_1,0.698197181,0.655526949,0.630658458,0.621330514,0.647838516,0.676967247,0.721875954,0.761658541,0.782618408,0.781935075,0.764541459,0.74463864,0.722039967,0.711160697,0.714778109,0.708824544,0.715949254,0.728176285,0.739527778,0.754833499,0.76592471,0.751489884,0.728151078
Uganda,Luwero,Nakaseke,UGA.34.3_1,0.629600049,0.579960552,0.549776874,0.538663363,0.561788067,0.611347584,0.681288856,0.732489349,0.755512327,0.752403846,0.723184714,0.697948471,0.67694211,0.668423471,0.679655572,0.677383432,0.692311538,0.696326677,0.703962574,0.721774753,0.721936045,0.710963955,0.672571746
Uganda,Masaka,Bukomansimbi,UGA.35.1_1,0.669741418,0.626940638,0.618055887,0.579711915,0.606231206,0.627631064,0.620027234,0.642858014,0.720611631,0.731554184,0.681846525,0.63152,0.596211135,0.571852021,0.574902057,0.576957021,0.603577163,0.639423121,0.658402553,0.661498794,0.71568383,0.712474468,0.708794894
Uganda,Masaka,Bukoto,UGA.35.2_1,0.648947946,0.609754423,0.604291311,0.55300316,0.595582385,0.576717101,0.631726659,0.615262243,0.6900109,0.701631754,0.668647709,0.625412678,0.590939573,0.565686216,0.55679139,0.551256319,0.558881635,0.590315521,0.589432504,0.628876303,0.654960742,0.659026343,0.666443444
Uganda,Masaka,Kalungu,UGA.35.3_1,0.659709688,0.633780086,0.601888967,0.591346609,0.605892196,0.609938213,0.618769107,0.653648654,0.716256512,0.730068138,0.693608396,0.648567061,0.621866039,0.601351453,0.590061733,0.584531324,0.600202853,0.629359042,0.642677664,0.655951346,0.693228848,0.691478741,0.694338536
Uganda,Masaka,Masaka,UGA.35.4_1,0.594974016,0.569382465,0.571639178,0.513698438,0.551875752,0.540289294,0.597095081,0.570109549,0.629285764,0.646863657,0.636955671,0.590238368,0.560046412,0.53435897,0.531597569,0.524318808,0.517629514,0.551157234,0.553617361,0.550050289,0.621816088,0.605015394,0.615379745
Uganda,Masindi,Bujenje,UGA.36.2_1,0.666774981,0.609540334,0.581403829,0.56238298,0.596866566,0.64296141,0.714060576,0.745645262,0.772905459,0.776062699,0.753141168,0.743630326,0.72308461,0.703470281,0.720093177,0.712369067,0.735312206,0.720100834,0.738292646,0.755139803,0.757771342,0.754015997,0.708125398
Uganda,Masindi,Bujenje (?),UGA.36.1_1,0.585869254,0.5223825,0.501950709,0.483054328,0.507261418,0.548031493,0.633107463,0.673732836,0.715764627,0.718630299,0.700077761,0.685103582,0.666924701,0.660515224,0.68302709,0.677461269,0.688534478,0.677288433,0.697444328,0.709205299,0.700080672,0.68610403,0.630520597
Uganda,Masindi,Buruli,UGA.36.3_1,0.623860733,0.560426782,0.528972476,0.507706304,0.539526411,0.602600742,0.688989287,0.729751133,0.768162093,0.770013597,0.743999506,0.730153276,0.703659168,0.703752864,0.709689988,0.708777503,0.719851422,0.712231562,0.730088916,0.744507705,0.743840874,0.720807252,0.667816852
Uganda,Masindi,Kibanda,UGA.36.4_1,0.613523444,0.538791962,0.50380067,0.48481316,0.517625847,0.599413987,0.682105122,0.741417258,0.785261466,0.7918829,0.773015682,0.767242632,0.752306068,0.749657762,0.750822616,0.737970213,0.747974783,0.741810481,0.753633885,0.753145942,0.747634988,0.719071552,0.659154846
Uganda,Mayuge,Bunya,UGA.37.1_1,0.645508626,0.612058359,0.589368855,0.566874733,0.583368893,0.605899198,0.654438092,0.703367863,0.714295191,0.719623053,0.688750382,0.667949237,0.636384046,0.625808511,0.615474771,0.608248855,0.612384237,0.628457824,0.664478702,0.675009389,0.695841985,0.67302458,0.660738702
Uganda,Mbale,Bubulo,UGA.38.1_1,0.641368857,0.602780429,0.586162214,0.555439464,0.552015357,0.563500929,0.585590857,0.655302429,0.703204,0.716590571,0.685893429,0.685337071,0.681407571,0.652209071,0.685039429,0.669288429,0.668139571,0.638774429,0.621638786,0.631117214,0.650864286,0.656809071,0.663427
Uganda,Mbale,Bungokho,UGA.38.2_1,0.613204376,0.572386222,0.545425997,0.518016854,0.523543847,0.554254506,0.606056542,0.676938735,0.704041334,0.713104766,0.703243804,0.688588215,0.672943761,0.667112608,0.673992071,0.672753553,0.672057192,0.658717418,0.662917721,0.661873527,0.668797964,0.651671967,0.638768414
Uganda,Mbale,Manjiya,UGA.38.3_1,0.699941838,0.663322637,0.671328265,0.627041065,0.623522122,0.611542698,0.60471104,0.59401323,0.653315636,0.669914734,0.640551375,0.644440679,0.672260567,0.624272337,0.687322938,0.647386082,0.67611293,0.585293643,0.566935567,0.565675601,0.599711942,0.683370833,0.701896048
Uganda,Mbale,Mbale,UGA.38.4_1,0.520315833,0.492108854,0.46899599,0.44618,0.460241406,0.478613333,0.520325781,0.591270729,0.631553021,0.631851979,0.620851146,0.609303542,0.588466667,0.583806979,0.584971875,0.579347344,0.588039792,0.592812813,0.592632708,0.59511,0.599198438,0.570746875,0.540715156
Uganda,Mbarara,Bukanga,UGA.39.1_1,0.608695351,0.54874466,0.542895019,0.489214499,0.545773437,0.544490426,0.592209961,0.634908301,0.658536746,0.630849696,0.569562479,0.500989928,0.451466796,0.428822662,0.419673381,0.436359159,0.472962203,0.507385224,0.548169341,0.608647261,0.639254732,0.651201273,0.638074267
Uganda,Mbarara,Ibanda,UGA.39.2_1,0.698137181,0.632689868,0.618024934,0.586875947,0.608631454,0.67960348,0.708093744,0.736415507,0.748133392,0.741843524,0.708992687,0.674651278,0.63216141,0.622210793,0.639957621,0.666094581,0.693223524,0.729942731,0.732470044,0.741009163,0.736955947,0.755110044,0.724806916
Uganda,Mbarara,Isingiro,UGA.39.3_1,0.647068887,0.58083838,0.58026374,0.527541408,0.571427214,0.597303558,0.637295836,0.669334974,0.696950341,0.677460712,0.621645042,0.556021877,0.508541749,0.486492051,0.484403028,0.492139099,0.52118028,0.554511052,0.587288645,0.651987282,0.662726798,0.681828085,0.663264572
Uganda,Mbarara,Kashari,UGA.39.4_1,0.646905263,0.581401439,0.572192681,0.533803248,0.565324918,0.609455674,0.646389803,0.671806497,0.69468824,0.684118914,0.627878947,0.568865214,0.524846957,0.511667023,0.529452467,0.560360033,0.609959581,0.645929441,0.648655181,0.653381127,0.706122039,0.689016324,0.677208141
Uganda,Mbarara,Kazo,UGA.39.5_1,0.69188453,0.618883867,0.603841105,0.563790221,0.593057127,0.667276243,0.708059227,0.717037293,0.750440442,0.733356464,0.67523326,0.629278232,0.574907403,0.572615359,0.604551105,0.654828398,0.687979669,0.713049116,0.737768674,0.738838122,0.759528343,0.753180663,0.720780663
Uganda,Mbarara,Mbarara,UGA.39.6_1,0.568315809,0.505061275,0.509462224,0.473022549,0.513405699,0.548790196,0.56521826,0.598100061,0.604101716,0.586206189,0.528573529,0.480196385,0.445635815,0.433959896,0.444772549,0.46675049,0.50454614,0.538369975,0.565629105,0.584924142,0.592742402,0.600701593,0.588853309
Uganda,Mbarara,Nyabushozi,UGA.39.7_1,0.65389119,0.585241077,0.567977666,0.519667677,0.561168294,0.61731229,0.660669192,0.664034343,0.710105387,0.674338496,0.599350056,0.53395982,0.481321773,0.471196801,0.500554658,0.5562211,0.610580247,0.647332604,0.653685971,0.675732435,0.710229966,0.721065095,0.693526375
Uganda,Mbarara,Rwampara,UGA.39.8_1,0.68885129,0.63185602,0.635694717,0.589282862,0.61445817,0.638672789,0.653608845,0.661464251,0.699362039,0.699337592,0.662803194,0.611715602,0.570432678,0.554705897,0.554840418,0.562818673,0.607135135,0.620665971,0.624408231,0.663212346,0.670494472,0.700402764,0.698766339
Uganda,Moroto,Bokora,UGA.40.1_1,0.361347184,0.328644437,0.31275364,0.293744712,0.298949038,0.340580632,0.409607074,0.526945398,0.595177266,0.632903091,0.621836676,0.619541209,0.621935027,0.624839148,0.609214698,0.587701374,0.559897184,0.538922321,0.520915591,0.504959409,0.470760714,0.432038049,0.392964183
Uganda,Moroto,Matheniko,UGA.40.2_1,0.3826721,0.344258271,0.324877912,0.296631194,0.30399179,0.342143207,0.386524921,0.475560329,0.541848389,0.565879971,0.553148414,0.539824364,0.540262969,0.555135287,0.54528433,0.526577961,0.498496924,0.474818358,0.459355243,0.479957665,0.476783822,0.453684476,0.413315476
Uganda,Moroto,Moroto,UGA.40.3_1,0.397058984,0.358881992,0.339876836,0.308902988,0.319763164,0.349832031,0.401169453,0.423764219,0.504316016,0.545423984,0.536438906,0.525857773,0.525733672,0.546998984,0.521413359,0.506973008,0.487685273,0.480768984,0.47893,0.485556016,0.479808008,0.454712031,0.424266992
Uganda,Moyo,Obongi,UGA.41.1_1,0.4774431,0.4025404,0.377109675,0.359352475,0.3811049,0.43791215,0.5311572,0.6342697,0.6751877,0.6914224,0.6998256,0.706361,0.7178026,0.7262413,0.7362227,0.7313917,0.7281038,0.72016965,0.71155325,0.69954445,0.66513075,0.6210679,0.53644885
Uganda,Moyo,West Moyo,UGA.41.2_1,0.457607617,0.394271915,0.382107106,0.382822383,0.413065872,0.482688043,0.556006298,0.655976553,0.696690383,0.719425617,0.718612085,0.731118298,0.732423489,0.745820426,0.747992255,0.746454979,0.736326894,0.728049702,0.719929702,0.701488255,0.667175149,0.61526417,0.516236426
Uganda,Mpigi,Butambala,UGA.42.1_1,0.705608898,0.682802966,0.660461388,0.644734216,0.664097881,0.665690148,0.667492214,0.720810487,0.731851377,0.754066737,0.726872087,0.700208898,0.659420127,0.643927225,0.64995339,0.654909375,0.668714936,0.676990678,0.717316155,0.730080879,0.738254449,0.739995286,0.738660752
Uganda,Mpigi,Gomba,UGA.42.2_1,0.68432556,0.650975,0.629435336,0.595299847,0.62455998,0.644363391,0.672501222,0.725526833,0.750250407,0.744271487,0.694743279,0.638652749,0.591170621,0.575595418,0.60287169,0.638559369,0.665366191,0.689590886,0.718086456,0.74382943,0.750547098,0.75153223,0.737536202
Uganda,Mpigi,Mawokota,UGA.42.3_1,0.685385734,0.666788897,0.649132748,0.637563598,0.648336613,0.655008573,0.667631764,0.694962895,0.728218131,0.738596416,0.71777695,0.695808503,0.667666058,0.651952916,0.642458398,0.650051019,0.645853479,0.657832467,0.686731413,0.694480815,0.713486859,0.702972944,0.715124807
Uganda,Mubende,Busujju,UGA.43.1_1,0.6495809,0.637239292,0.619151049,0.592623164,0.613152797,0.593823689,0.627122072,0.667423295,0.697603409,0.702002273,0.686205201,0.653667876,0.609512413,0.605757605,0.618201049,0.617373339,0.636055594,0.648785096,0.674316608,0.712650874,0.706155944,0.709280857,0.702272815
Uganda,Mubende,Buwekula,UGA.43.2_1,0.689401135,0.636370123,0.616419288,0.597462969,0.6194445,0.660216956,0.709566341,0.738519382,0.778059502,0.760521147,0.721774661,0.671905578,0.619652632,0.607417208,0.632062402,0.662725244,0.701760227,0.721434478,0.741523921,0.765338292,0.768936275,0.772150457,0.733486669
Uganda,Mubende,Kassanda,UGA.43.3_1,0.656604034,0.619476468,0.592733662,0.574130704,0.604801121,0.638204572,0.692548005,0.727846123,0.758348543,0.744762887,0.709279785,0.655911968,0.608690318,0.602475751,0.622357956,0.63792277,0.667428149,0.689570013,0.718317795,0.749438234,0.761133303,0.750950336,0.719975078
Uganda,Mubende,Mityana,UGA.43.4_1,0.706365098,0.668018275,0.639772941,0.621500314,0.656354118,0.666621961,0.717174118,0.744723922,0.778202039,0.772864235,0.750714745,0.717384706,0.679887137,0.673868157,0.680221176,0.676314902,0.69184298,0.713553412,0.730709647,0.762368314,0.762683686,0.765474745,0.744284157
Uganda,Mukono,Buikwe,UGA.44.1_1,0.733671478,0.694071753,0.693760206,0.671261649,0.677261306,0.695730515,0.740053333,0.728760962,0.756518419,0.77056268,0.757721237,0.744704536,0.729316838,0.719391065,0.714019931,0.703387354,0.710637801,0.709974502,0.744491203,0.723107216,0.747096082,0.740282955,0.743446667
Uganda,Mukono,Buvuma Islands,UGA.44.2_1,0.724223603,0.680824651,0.680590573,0.655649232,0.654166899,0.671400908,0.715092528,0.713318296,0.750594344,0.751751117,0.716605587,0.713496439,0.6880875,0.666110545,0.660224651,0.649784497,0.638965223,0.664427933,0.676846578,0.691933869,0.734888547,0.734689735,0.730488408
Uganda,Mukono,Mukono,UGA.44.3_1,0.710500657,0.682514297,0.674085785,0.664855998,0.671824774,0.675305259,0.705292687,0.702636483,0.739807724,0.744618817,0.715486771,0.711644618,0.68712461,0.676069762,0.674414339,0.670575308,0.68739622,0.686088578,0.708552506,0.702115859,0.732085045,0.715214462,0.715067132
Uganda,Mukono,Nakifuma,UGA.44.4_1,0.72688907,0.691309755,0.677993054,0.661599234,0.680026915,0.69925858,0.733609244,0.738568182,0.77184096,0.777140347,0.764231461,0.74940858,0.727595199,0.71988856,0.722481307,0.714454341,0.727518948,0.729410317,0.752730286,0.748204597,0.774434525,0.753911849,0.745876915
Uganda,Nakapiripirit,Chekwii,UGA.45.1_1,0.439002207,0.401150813,0.381573229,0.357048316,0.359154065,0.400039199,0.476124884,0.578176597,0.637997619,0.660942509,0.646055052,0.638297038,0.636787166,0.637842276,0.629219164,0.610474564,0.594467712,0.578082288,0.569523926,0.561220732,0.532668467,0.497292567,0.465653833
Uganda,Nakapiripirit,Pian,UGA.45.2_1,0.360303562,0.328950548,0.31431226,0.292000753,0.296962568,0.331647158,0.395655342,0.501300103,0.564451233,0.602333014,0.592102534,0.588846096,0.59635726,0.605205616,0.589738425,0.573411815,0.544795685,0.526418185,0.508076233,0.492032637,0.454728322,0.422042397,0.38823839
Uganda,Nakapiripirit,Pokot,UGA.45.3_1,0.389956253,0.356284353,0.339899707,0.319739117,0.320174987,0.355436988,0.42000793,0.508393081,0.55641554,0.57776892,0.568162214,0.562250452,0.564106546,0.592669345,0.57966429,0.568444013,0.541408622,0.517348749,0.511359872,0.499505375,0.476137573,0.449017775,0.412187254
Uganda,Nakasongola,Buruli,UGA.46.1_1,0.553353427,0.497393243,0.471126932,0.448703792,0.465044628,0.521041857,0.59279791,0.657988089,0.69232071,0.6920035,0.669078464,0.650934857,0.636422168,0.626939232,0.631449538,0.63416772,0.639466262,0.642078901,0.652195819,0.666427759,0.658966991,0.642149246,0.592317939
Uganda,Nebbi,Jonam,UGA.47.1_1,0.475203568,0.403152464,0.374762362,0.36149486,0.377508326,0.421541079,0.497795709,0.55479469,0.589526763,0.58832243,0.572185302,0.569348513,0.558845582,0.576678505,0.590793543,0.599884537,0.610896007,0.624247833,0.638306924,0.645953144,0.624547239,0.603258369,0.533961937
Uganda,Nebbi,Okoro,UGA.47.2_1,0.601854122,0.52993259,0.49188322,0.472953395,0.500551358,0.570415616,0.634686421,0.701334433,0.73322066,0.74175451,0.730823618,0.718826479,0.716664064,0.688071775,0.721875461,0.712108826,0.716990786,0.707769156,0.712288312,0.737054122,0.728403831,0.703653007,0.656778952
Uganda,Nebbi,Padyere,UGA.47.3_1,0.501424784,0.433082785,0.397569204,0.382466955,0.393371453,0.443280709,0.514562716,0.576493555,0.610472751,0.613718253,0.603954758,0.598182223,0.595194637,0.606018945,0.630651903,0.641227336,0.658724394,0.661584126,0.675864014,0.681447837,0.662413538,0.632476125,0.561721799
Uganda,Ntungamo,Kajara,UGA.48.1_1,0.721930822,0.69966911,0.676526918,0.650823425,0.653349521,0.702195753,0.693891027,0.721186575,0.723977877,0.704674932,0.66299774,0.622461781,0.573248767,0.568838664,0.571385137,0.590050274,0.637175479,0.655193562,0.676176164,0.688498493,0.696060137,0.723500411,0.707888151
Uganda,Ntungamo,Ruhaama,UGA.48.2_1,0.682394872,0.644458774,0.632294231,0.602327324,0.615642788,0.654132492,0.636882292,0.666447276,0.689016827,0.674682051,0.630455609,0.576322917,0.529896875,0.511526563,0.510830689,0.52492476,0.569739503,0.584173117,0.625831971,0.667892468,0.67160609,0.695629647,0.686186058
Uganda,Ntungamo,Rushenyi,UGA.48.3_1,0.659293829,0.62000869,0.599950567,0.57913306,0.584764798,0.633875315,0.633870718,0.660916247,0.673848048,0.628903086,0.573932683,0.518423363,0.470659698,0.453715995,0.464054691,0.481239232,0.537443451,0.561448741,0.624737343,0.676538035,0.662238665,0.693109509,0.671676763
Uganda,Pader,Agago,UGA.49.1_1,0.446491838,0.395062414,0.378069795,0.367375904,0.392381574,0.457444673,0.529717791,0.634072141,0.680621408,0.699887781,0.682135484,0.689355816,0.697927859,0.701834897,0.6961152,0.694065885,0.669601026,0.653165885,0.632073509,0.61277478,0.583153079,0.523903324,0.476811437
Uganda,Pader,Aruu,UGA.49.2_1,0.471463179,0.41860579,0.408834865,0.407122143,0.43739228,0.51317999,0.594895074,0.695556831,0.730294617,0.743600609,0.721016353,0.722891976,0.727523768,0.728335703,0.718371965,0.718777095,0.696053733,0.677876282,0.663601219,0.64206516,0.619374302,0.557980091,0.503033418
Uganda,Pallisa,Budaka,UGA.50.1_1,0.541646158,0.496392842,0.468523474,0.446195474,0.456560632,0.494208895,0.554816632,0.624377895,0.657302474,0.672756632,0.651834316,0.633145368,0.617688158,0.607126211,0.587360737,0.580879579,0.596621842,0.609167789,0.623704895,0.631733263,0.633787158,0.595144316,0.571343579
Uganda,Pallisa,Butebo,UGA.50.2_1,0.520757675,0.474671665,0.44176237,0.41845557,0.425110784,0.466489961,0.521015155,0.594979987,0.643314249,0.663667487,0.644644236,0.624398769,0.606528627,0.599342228,0.581434262,0.573635298,0.591036205,0.610538731,0.625961269,0.636305894,0.62839592,0.592870855,0.556997798
Uganda,Pallisa,Kibuku,UGA.50.3_1,0.572095804,0.528680813,0.499607124,0.473552273,0.482679283,0.52437535,0.589710446,0.655804458,0.69310507,0.704621241,0.673615822,0.651059878,0.63370424,0.619796416,0.609102535,0.60873667,0.627438199,0.645572203,0.661106119,0.662100262,0.658639948,0.626434572,0.600150087
Uganda,Pallisa,Pallisa,UGA.50.4_1,0.529590894,0.491960894,0.463165307,0.435185642,0.440397067,0.482687821,0.542383575,0.607039553,0.644988715,0.651722458,0.624944693,0.608933073,0.593194637,0.583340559,0.575931732,0.577100112,0.583400503,0.603020726,0.623236536,0.627155754,0.621157263,0.591338715,0.559117598
Uganda,Rakai,Kabula,UGA.51.1_1,0.665289241,0.593205187,0.580433622,0.525173631,0.563686744,0.603466955,0.670686792,0.659070797,0.718065322,0.698185543,0.622082805,0.550954755,0.501451153,0.487512296,0.515294332,0.557539049,0.607944236,0.661361095,0.66189438,0.700207205,0.68289318,0.72661513,0.700780692
Uganda,Rakai,Kakuuto,UGA.51.2_1,0.66215402,0.632015947,0.635822791,0.585373156,0.629513355,0.589051694,0.63754897,0.63443402,0.694538405,0.717654618,0.686847907,0.657145781,0.617255415,0.58286392,0.565449767,0.559870166,0.572744319,0.59144093,0.578897608,0.627038272,0.632200399,0.67074485,0.685071495
Uganda,Rakai,Kooki,UGA.51.3_1,0.621517706,0.561602381,0.566598927,0.493385379,0.541995238,0.521117907,0.585131187,0.619363179,0.690922334,0.669836754,0.620342924,0.563516231,0.508229913,0.476853991,0.455357814,0.454764856,0.468525419,0.526405701,0.542228571,0.598073307,0.643380013,0.646937626,0.662425419
Uganda,Rakai,Kyotera,UGA.51.4_1,0.677038286,0.638498915,0.641828416,0.57831551,0.638731779,0.586215293,0.644427549,0.643134544,0.679708351,0.725239154,0.691519089,0.665950217,0.632562852,0.608787636,0.589060195,0.579500054,0.583352278,0.607296746,0.586950542,0.620798373,0.662657592,0.66428449,0.69061833
Uganda,Rukungiri,Bufumbira,UGA.52.1_1,0.666835774,0.630625042,0.628784692,0.59692421,0.614800957,0.653436356,0.672587729,0.686034775,0.708341098,0.700500666,0.675697296,0.652011065,0.616865973,0.603139933,0.608296755,0.629041556,0.652216223,0.665815724,0.689837854,0.68868906,0.689140433,0.71070782,0.680787521
Uganda,Rukungiri,Rubabo,UGA.52.2_1,0.708079116,0.680056586,0.670461958,0.649386395,0.650605806,0.682501127,0.681848267,0.682239081,0.713299263,0.690656196,0.66917786,0.637013951,0.597065685,0.591088345,0.592618761,0.603928423,0.641134315,0.652413432,0.684868718,0.708449003,0.696510875,0.731642548,0.701267721
Uganda,Sembabule,Lwemiyaga,UGA.53.1_1,0.687065778,0.625961752,0.598139,,,,,,,,,,,,,,,,,,,,
