NAME_0,NAME_1,NAME_2,ID_2,Mean_LST_001,Mean_LST_009,Mean_LST_017,Mean_LST_025,Mean_LST_033,Mean_LST_041,Mean_LST_049,Mean_LST_057,Mean_LST_065,Mean_LST_073,Mean_LST_081,Mean_LST_089,Mean_LST_097,Mean_LST_105,Mean_LST_113,Mean_LST_121,Mean_LST_129,Mean_LST_137,Mean_LST_145,Mean_LST_153,Mean_LST_161,Mean_LST_169,Mean_LST_177,Mean_LST_185,Mean_LST_193,Mean_LST_201,Mean_LST_209,Mean_LST_217,Mean_LST_225,Mean_LST_233,Mean_LST_241,Mean_LST_249,Mean_LST_257,Mean_LST_265,Mean_LST_273,Mean_LST_281,Mean_LST_289,Mean_LST_297,Mean_LST_305,Mean_LST_313,Mean_LST_321,Mean_LST_329,Mean_LST_337,Mean_LST_345,Mean_LST_353,Mean_LST_361
Uganda,Adjumani,East Moyo,UGA.1.1_1,28.53524626,28.69314333,29.37174875,28.43311013,30.90857222,31.35094079,31.11581074,31.46064748,32.92820697,28.56634754,29.15614278,29.05626453,26.85610957,26.89285556,26.24488655,26.02762037,25.72205313,25.3720808,25.36074709,25.27465966,24.19755949,23.80408965,24.37721638,23.36493082,23.55981738,23.9200166,24.26361372,24.33878805,24.17429441,24.48802988,24.99067515,25.06514112,25.40072496,25.00032651,25.63899834,25.27824571,25.13064195,25.11811289,25.39685113,25.12962369,24.92285003,26.32559491,26.41896514,26.11645268,26.8860819,26.62832872
Uganda,Apac,Kole,UGA.2.1_1,27.2556051,27.99420382,28.58764331,26.82694268,28.13433121,29.22802548,29.6606051,29.31808917,30.21050955,30.13808917,27.83359873,28.87452229,28.00617834,26.84898089,26.97248408,25.82968153,26.17888535,26.25929936,26.16458599,26.0333121,24.58605096,24.21044586,24.83936306,24.92853503,25.88296178,25.31767516,24.98726115,25.28522293,24.0333758,26.13025478,26.65449045,26.17414013,27.0555414,26.18496815,26.2856051,26.42063694,25.77041401,25.86006369,25.08707006,25.31095541,24.31356688,25.91235669,25.71171975,25.92853503,25.07802548,24.99624204
Uganda,Apac,Kwania,UGA.2.2_1,26.96712418,26.56584076,27.34944147,25.90506833,27.23360071,29.03191325,28.94815805,27.92087344,28.57392157,27.40828877,26.95695187,27.95849673,26.8254486,25.58554367,26.07554961,25.25042781,25.39545455,25.30830065,25.41565657,25.09275698,23.56961973,24.28672014,25.24914439,24.6464587,25.28210933,24.8289899,24.17796197,24.57981581,23.69159239,24.90566251,25.58138443,25.11566845,25.87721331,25.14998812,25.40458111,25.31001188,24.74504456,25.1283363,24.00161022,24.6919489,24.01427807,24.96363042,24.44795603,24.66749257,24.516429,23.89261438
Uganda,Apac,Maruzi,UGA.2.3_1,25.90322097,26.34910112,27.10333333,25.24794007,27.54928839,28.22595506,28.33689139,28.16573034,29.18981273,26.93726592,27.09385768,26.87805243,25.87483146,24.35048689,25.53198502,24.55249064,25.49209738,25.11775281,25.12262172,23.61825843,22.57533708,23.39625468,24.79357678,24.44685393,24.5697191,24.20460674,24.05621723,24.07554307,23.83505618,24.96404494,24.6241573,24.47775281,25.35059925,25.02220974,24.63794007,24.91614232,23.7788764,24.21764045,23.55717228,23.76565543,23.61297753,24.38687266,23.81464419,24.12262172,24.68801498,23.70406367
Uganda,Apac,Oyam,UGA.2.4_1,27.09554207,27.85007828,27.89648141,28.0822818,28.44931115,28.38800391,28.79767906,29.20021526,29.97106458,28.5401135,27.72906067,27.72978082,27.16113894,26.89878278,26.15495499,25.7036047,26.16560078,25.8582818,26.00600783,25.06269667,24.4157456,24.08641487,24.99678669,24.60884149,25.60813699,25.51940117,24.91246575,25.16652446,24.26457534,25.49516634,25.93020352,25.37120548,26.35763209,26.20210959,26.17809393,25.83179256,25.5624227,25.60362818,24.17709198,25.26449706,24.56231311,25.43730333,25.43814873,25.6469002,25.38022309,25.21349119
Uganda,Arua,Arua Municipality,UGA.3.1_1,27.96846154,27.55153846,28.58384615,28.05307692,28.53,30.14538462,27.41,29.66076923,29.53153846,27.95307692,29.13461538,30.52230769,29.27,28.42846154,28.25307692,28.34230769,27.10538462,27.11615385,25.84076923,27.28076923,25.96384615,25.25923077,26.49461538,25.70384615,23.30538462,25.59615385,25.67307692,24.49769231,25.31615385,25.69923077,26.76384615,25.87153846,27.22538462,26.72846154,27.09615385,25.82692308,26.37461538,26.32692308,26.57923077,25.75153846,25.96692308,25.74692308,27.60076923,27.21769231,27.61615385,26.33307692
Uganda,Arua,Ayivu,UGA.3.2_1,28.94290179,28.88388393,28.82495536,28.80232143,29.02383929,30.06174107,28.4125,30.99767857,29.01611607,27.87459821,28.88116071,28.35825893,28.87540179,28.22892857,26.42383929,27.8121875,26.85138393,27.39808036,25.92022321,26.37214286,25.59875,25.45897321,25.69267857,25.22955357,24.09924107,24.83308036,24.41227679,25.13450893,24.81919643,24.6734375,24.6709375,25.37370536,25.96508929,25.96165179,26.49995536,25.42504464,25.82821429,25.35848214,25.63267857,25.063125,25.11308036,25.84598214,26.67040179,26.7684375,27.6434375,26.87401786
Uganda,Arua,Koboko,UGA.3.3_1,29.04861678,29.61478458,29.52115646,28.39965986,29.83954649,30.19705215,29.65079365,30.8385941,31.64668934,29.78943311,27.83580499,28.94512472,26.93714286,27.20891156,26.04324263,27.02596372,27.0477551,26.43462585,25.75063492,25.41709751,24.40578231,23.77582766,24.25789116,24.29904762,23.59639456,24.17058957,23.78201814,23.65566893,23.72240363,24.99353741,25.26564626,24.60675737,25.63507937,25.23290249,25.5992517,25.19489796,25.07804989,24.95723356,25.30804989,25.15117914,25.46353741,25.29045351,26.34718821,26.32743764,26.78718821,27.00138322
Uganda,Arua,Madi-Okollo,UGA.3.4_1,28.70359239,30.19680446,30.13687888,29.63584539,30.94071517,32.06898305,31.03906986,32.55248863,33.5536296,31.6709012,30.35895411,30.61271186,27.4843117,28.82516329,27.31796197,27.54698222,27.57178586,28.17448119,27.39035552,26.36675899,26.51253824,25.51126499,26.13572137,25.75023977,25.26987598,25.08669285,25.65548987,25.65664737,25.81737495,25.41188508,26.1900248,26.08518809,26.51809425,26.57014882,26.68140141,26.38296403,26.50562629,26.36424556,26.34546093,26.31953286,26.43161224,26.0881976,27.38053328,27.43999587,28.33921042,27.28277387
Uganda,Arua,Maracha,UGA.3.5_1,29.71769231,28.85484615,29.84869231,29.05811538,29.32857692,29.54338462,28.05711538,31.38080769,30.76292308,28.65876923,27.81653846,28.32211538,28.1425,27.97180769,27.28311538,28.17607692,27.53746154,27.60123077,25.73396154,26.37019231,25.24626923,24.67757692,25.14957692,25.58823077,24.369,24.55642308,23.99111538,24.74946154,24.544,24.995,24.72719231,25.37176923,25.76234615,25.94988462,26.16546154,25.88903846,25.60938462,24.36138462,25.42711538,25.25130769,25.27284615,25.421,26.87069231,26.89334615,28.28796154,27.08723077
Uganda,Arua,Terego,UGA.3.6_1,30.62776426,30.53337643,31.56117871,31.03302662,31.6065019,31.31625095,30.48120913,32.83369582,33.46590875,30.8093308,30.54645627,30.70831179,29.1321597,29.52193916,28.39351331,28.35111027,28.50673004,28.42828137,27.07558175,28.05596198,26.88917871,26.23731559,26.06615209,26.24525475,25.20297338,25.34545247,25.93763498,26.02198479,25.86408365,25.47774144,26.22742966,26.08114829,26.69608365,27.08269962,26.77562738,26.70411407,26.44014449,25.91834981,26.12130038,26.3999924,26.98694297,27.01553612,27.73827376,28.1115057,28.42231939,28.07555133
Uganda,Arua,Vurra,UGA.3.7_1,28.3948337,29.07478936,27.81441242,28.27600887,29.10611973,30.88740576,29.2854102,30.55736142,30.76279379,28.79050998,29.05658537,28.55944568,27.3675388,27.38933481,26.08747228,26.70798226,25.98585366,26.39853659,25.45618625,25.64026608,24.63110865,23.86033259,24.76097561,24.16924612,23.75321508,24.39496674,23.90232816,24.08882483,24.10849224,23.9991796,24.57906874,24.46144124,25.15305987,25.22159645,25.16447894,24.96077605,24.77818182,24.90676275,25.16235033,24.47574279,24.73900222,24.79350333,26.2654102,25.725898,27.0797561,26.70015521
Uganda,Bugiri,Bukooli,UGA.4.1_1,25.80880914,25.53635832,25.80587453,25.01229665,26.63122275,25.78418394,25.66675704,27.41472089,28.17874003,27.18458799,25.58760766,26.00640617,26.31339181,24.9162201,24.39028708,24.67443381,24.64891547,25.03266879,24.83098884,24.74382243,23.74492823,24.08347156,24.4700319,25.0945933,25.35947368,25.53114833,25.18382243,25.00502392,25.20880914,26.07381712,26.66324827,25.37267943,26.21063796,26.33274322,26.20510898,25.85727273,25.65395534,25.50469431,24.79479532,25.3309782,24.78156831,25.15113769,24.6838756,24.70080276,24.16987241,24.83906964
Uganda,Bundibugyo,Bwamba,UGA.5.1_1,19.27518974,19.85180513,20.27754872,20.66731282,21.29945641,20.51397949,19.84497436,22.36981538,22.00243077,20.87030769,20.99248205,20.64074872,21.62602051,21.31717949,20.37170256,20.78390769,20.77475897,19.02737436,20.08462564,19.53102564,20.15221538,19.54509744,18.84749744,19.75869744,19.43728205,18.92977436,19.53408205,20.49330256,19.75541538,19.49555897,20.48212308,19.81949744,21.10458462,19.94542564,20.00813333,20.08019487,21.09243802,20.91541538,20.02716923,19.5998152,19.99699487,19.12671795,19.57346667,20.36202051,20.26971282,19.94638974
Uganda,Bundibugyo,Ntoroko,UGA.5.2_1,25.89209019,26.8186471,26.71488189,28.47090193,29.03697208,28.93335004,29.60911238,31.01274875,30.63957767,29.83193271,28.17990694,27.58108089,28.89913386,27.57481031,26.76020759,26.84564782,25.90843951,26.31622763,26.54093772,25.48169649,26.4707874,25.512534,26.01031496,26.25572656,26.11035791,25.93186113,25.70892627,26.00035075,25.48381532,25.46715104,26.70219757,26.52352899,26.50445956,27.06609162,27.05028633,26.30185397,27.57146027,26.92685039,26.84968504,26.38145311,25.74551897,25.613665,25.89080172,26.55725841,26.90027917,26.33478168
Uganda,Bushenyi,Buhweju,UGA.6.1_1,21.1720743,21.41362229,22.21108359,22.78504644,22.3452322,23.25560372,21.45486068,22.19111455,23.76157895,23.14764706,22.3422291,22.20904025,23.33142415,20.74557276,21.13749226,21.54820433,21.23294118,21.12941176,21.37145511,21.33993808,21.35130031,20.07263158,21.74114551,23.58897833,23.92040248,23.1050774,22.72176471,22.12383901,21.74857585,23.04934985,22.03544892,23.24086687,22.10780186,23.04421053,22.98650155,22.3222291,23.14739938,21.44176471,21.7969969,20.51600619,21.48244582,20.5906192,21.36544892,20.94891641,20.89393189,21.14024768
Uganda,Bushenyi,Bunyaruguru,UGA.6.2_1,21.84252747,21.7070989,22.5656044,22.70505495,23.3278022,22.84879121,22.53703297,23.43153846,23.81241758,22.58393407,22.0650989,22.00978022,21.96050549,22.03879121,22.38558242,22.08934066,22.13628571,21.94938462,22.2350989,22.3536044,21.13753846,20.49762637,22.93131868,23.22714286,23.36784615,22.93052747,22.68892308,22.56986813,22.73048352,23.13786813,21.922,22.63331868,23.16652747,22.82731868,21.33938462,22.38731868,22.05945055,21.46041758,21.51989011,21.97852747,22.21597802,21.48630769,22.42237363,21.75830769,20.782,22.27254945
Uganda,Bushenyi,Igara,UGA.6.3_1,21.65294602,22.4415279,21.67492223,23.09570906,22.40743824,23.39365965,22.58118024,24.1110247,24.28720037,22.49153705,22.47801464,22.51764867,22.18970723,21.84701738,21.87162855,22.18066789,22.32650503,21.67543458,21.99684355,21.72659652,22.32044831,21.47428179,23.28588289,22.97477585,24.02500457,23.48138152,23.65389753,23.23810613,23.19060384,23.32743824,22.42529735,23.41647758,22.74720037,23.05329369,22.99069533,22.64337603,22.81986276,22.39236048,22.30551693,21.68436414,22.00328454,21.49576395,22.41190302,22.38193047,20.43724611,22.35093321
Uganda,Bushenyi,Ruhinda,UGA.6.4_1,20.98772152,22.47626582,22.97566456,24.04987342,22.99537975,24.34753165,23.89806962,24.30202532,24.14439873,24.13797468,22.97199367,22.05670886,23.73272152,22.94582278,22.55433544,22.8346519,22.73898734,22.47509494,23.17161392,22.94829114,22.71588608,21.90987342,23.91886076,23.77481013,25.21227848,24.2178481,24.40829114,24.38974684,23.6778481,24.5106962,23.51193038,23.94898734,23.0539557,23.69012658,23.78186709,23.03949367,23.39477848,22.97474684,22.44876582,22.09306962,22.60541139,22.10417722,22.06063291,22.39876582,20.62313291,22.67281646
Uganda,Bushenyi,Sheema,UGA.6.5_1,23.12941818,23.51392727,22.74030303,23.76587879,24.08498182,25.06187879,23.72178182,25.51135758,25.05278788,25.02895758,24.47,23.15467879,24.56294545,22.45218182,22.37562424,22.56539394,22.19007273,23.19853333,22.24849697,22.47225455,23.10648485,23.14854545,24.93237576,23.99053333,25.48299394,25.62408485,25.37780606,24.90898182,23.96030303,24.58755152,25.118,24.64573333,24.0306303,24.6146303,24.59201212,24.04827879,24.56369697,24.03989091,23.23329697,23.02318788,23.4722303,22.66163636,23.50180606,23.3106303,21.48141818,22.31918788
Uganda,Busia,Samia-Bugwe,UGA.7.1_1,26.25454865,25.47400938,26.28988277,25.85248535,27.4503517,26.34566237,26.89888628,28.42064478,28.57021102,27.30655334,26.01438453,26.7057796,26.58538101,26.62235639,25.4885932,25.38169988,25.46087925,25.67717468,25.4216061,25.32538101,24.53679953,24.72495897,24.6605041,25.91595545,25.39128957,25.89902696,26.0562837,25.86849941,26.27602579,27.03126612,26.1952755,26.25813599,27.24022274,27.14934349,26.71168816,26.7233646,26.15372802,25.81520516,25.39058617,26.14118406,24.78275498,25.6250762,25.49032825,25.35956624,24.79701055,25.46610785
Uganda,Gulu,Aswa,UGA.8.1_1,28.78765426,29.04741875,29.90778615,28.99682996,30.55095148,31.71650966,30.39654734,29.66166274,31.61785681,27.95828073,27.89493641,28.63488931,27.01082902,25.84415921,26.50486576,25.20885068,25.36960433,25.69642487,24.66528026,25.62723976,24.10750353,24.09310881,24.44822892,23.84918983,24.85060292,24.81433349,23.41342911,23.64819124,24.49742346,25.42688177,25.41859162,25.44402732,25.7642911,25.89067829,25.81617993,26.1768959,26.24869995,26.05531324,25.28165332,25.79873293,25.26744701,27.15434291,26.36540273,27.24359397,27.15006594,26.24773905
Uganda,Gulu,Gulu,UGA.8.2_1,29.20968254,29.46015873,28.36269841,26.98587302,29.64301587,30.22142857,29.87190476,28.84904762,30.50968254,28.80714286,28.70333333,30.13698413,27.53031746,28.14174603,28.34587302,26.93825397,27.50269841,28.21063492,26.24238095,26.29444444,26.15761905,26.26238095,24.6284127,25.57761905,24.41190476,26.25857143,26.04936508,26.4668254,25.19571429,26.90492063,25.81761905,26.93253968,26.18936508,26.65,26.52269841,27.24873016,27.35095238,26.35698413,26.56650794,26.73349206,26.4084127,26.87984127,27.45539683,27.08206349,27.48047619,26.20269841
Uganda,Gulu,Kilak,UGA.8.3_1,28.93974552,29.13908577,29.57963242,29.28690858,30.30114043,31.37350613,30.45644675,30.54681433,31.30585297,28.56138549,27.66061263,28.72820924,27.16097078,26.20247879,26.40306315,25.79111216,25.98102733,25.45912347,25.44805844,24.85418473,24.41192271,24.56295005,24.75265787,23.52660697,24.43254477,24.82557022,24.30809614,24.43744581,24.45226202,24.8899246,25.33105561,25.12445806,25.61527804,25.25454288,25.48464656,25.55740811,25.60249764,25.50008483,25.56756833,25.51967012,25.19337418,26.55933082,26.19486334,26.81748351,26.72967955,26.10489161
Uganda,Gulu,Nwoya,UGA.8.4_1,27.57231843,27.94100537,27.82831843,27.80184258,28.70496959,29.61960286,28.96677996,29.50648658,30.60948479,28.73559571,27.96141324,27.15800716,26.33648301,26.33144544,25.88026834,25.39331306,25.96690877,25.73154562,25.61971735,25.04969946,24.62794633,23.89970304,25.04503399,24.91148122,24.8305653,25.13860107,24.99351342,24.68688014,24.74183542,24.90984973,25.00169946,25.4859356,25.4606619,25.4167263,25.42545617,25.17208945,25.65684079,25.56467621,25.17769946,25.55989624,25.04626476,26.13855814,26.33988909,26.4666297,25.8480966,25.46630054
Uganda,Gulu,Omoro,UGA.8.5_1,26.79091743,27.83478144,27.59719914,26.98392337,28.76007016,29.47426336,28.71907717,28.20810038,29.48471128,27.78267134,27.28710739,28.33749056,26.34470049,25.93727469,25.3145224,24.4830707,25.50023206,24.98454938,24.58008095,24.78977334,23.41699406,22.9837075,23.77740421,23.65060443,24.63292499,24.81449002,24.01317323,24.53792229,24.37205073,24.99506206,24.87646519,25.28132218,25.4964544,25.33099298,25.35026983,25.61727469,25.14832704,25.00624393,24.19186724,24.93874258,23.70431193,24.55616298,25.63182407,25.77947652,25.68380464,24.939347
Uganda,Hoima,Bugahya,UGA.9.1_1,25.10376126,26.19313063,26.95189189,25.41132883,26.90954955,28.22335586,27.66565315,28.65036036,28.73954955,27.43162162,27.52157658,27.38747748,26.35673423,25.45671171,25.47306306,23.84171171,24.61018018,24.27540541,25.56873874,24.17096847,24.78918919,24.08490991,24.87423423,24.66619369,24.93027027,25.46432432,24.24567568,24.5363964,24.21477477,24.83076577,24.91662162,24.71207207,24.80686937,25.3859009,24.97871622,23.98274775,25.23531532,23.72337838,23.47995495,23.03148649,23.71362613,24.27477477,24.16265766,24.57198198,24.96981982,24.44540541
Uganda,Hoima,Buhaguzi,UGA.9.2_1,22.98170968,24.87890323,24.6296129,24.52606452,26.00077419,27.27174194,26.61522581,27.20103226,27.67225806,25.52109677,26.18948387,26.02774194,25.04245161,23.80048387,23.88522581,23.48606452,23.08864516,23.78216129,24.29883871,23.51096774,24.10616129,23.16745161,23.16196774,24.11167742,23.46825806,23.42406452,23.63945161,23.71893548,23.71593548,23.73541935,24.72316129,23.93329032,24.38858065,24.45132258,23.86054839,22.81874194,23.5356129,22.85890323,23.20535484,22.76077419,23.43632258,23.11583871,23.34329032,23.65683871,24.16774194,24.13987097
Uganda,Iganga,Bugweri,UGA.10.1_1,26.62397753,26.56150562,27.15175281,25.11417978,27.68029213,27.28734831,26.53849438,28.45467416,28.48613483,29.12186517,26.54325843,26.50519101,27.16047191,25.86083146,24.84806742,25.73939326,25.15853933,26.034,25.77525843,24.27570787,24.51480899,25.1558427,25.96820225,25.2932809,26.41575281,25.59341573,25.77004494,25.41970787,25.09723596,26.85826966,26.8725618,26.25813483,27.34262921,27.10514607,26.69925843,27.02119101,26.60433708,26.57157303,25.97750562,26.09750562,25.26424719,25.81296629,25.25377528,24.87507865,26.01633708,25.55817978
Uganda,Iganga,Busiki,UGA.10.2_1,27.15058516,26.0622675,27.66030303,26.40782654,28.53570533,26.80682341,28.77213166,28.73990596,29.79273772,27.46784744,26.79037618,26.82174504,27.40517241,26.0130512,25.05428422,25.8377325,25.53942529,25.97739812,26.05165099,25.00362591,24.74715778,24.47683386,25.08958203,25.31626959,26.07915361,25.90977011,25.51687565,25.47955068,25.44571578,26.98187043,26.293093,26.03827586,27.01587252,26.93317659,26.34962382,26.53068966,25.99144201,25.85286311,25.65167189,26.01014629,25.46477534,25.63169279,25.49873563,25.64774295,25.7884326,26.40970742
Uganda,Iganga,Kigulu,UGA.10.3_1,27.08587131,26.79482574,27.06493298,25.54337802,27.38257373,27.59453083,27.04201072,28.89053619,28.64887399,28.38428954,27.07967828,26.70257373,26.35898123,26.33418231,24.7630563,25.59101877,24.97812332,25.4597319,25.67219839,24.24428954,24.48597855,25.31434316,25.39932976,25.17646113,26.21096515,25.66710456,24.93713137,25.76426273,25.24836461,26.94847185,26.72209115,25.96324397,27.25442359,27.01235925,26.62592493,26.75348525,25.96563003,25.89595174,25.90544236,26.05021448,25.59568365,25.29541555,25.55120643,25.07914209,23.48482574,25.75820375
Uganda,Iganga,Luuka,UGA.10.4_1,27.13768021,26.90205767,27.44389253,26.15762779,27.1257536,28.10494102,26.81799476,28.47214941,29.97752294,27.84559633,26.99547837,27.86648755,26.23571429,25.78740498,24.91288336,25.48292267,24.86035387,25.43238532,25.22821756,24.08551769,24.22824377,24.59026212,25.27539974,24.93529489,25.87023591,25.74842726,25.79644823,25.47519004,25.51749672,26.37736566,25.89828309,26.0104194,27.15521625,27.10842726,26.85073394,26.13647444,25.65183486,25.45650066,25.79568807,26.33752294,25.50287025,25.45138925,25.55665793,25.25416776,24.32887287,25.20661861
Uganda,Jinja,Butembe,UGA.11.1_1,26.26749175,25.81805281,25.56471947,24.90808581,25.38993399,26.41686469,25.75165017,26.54049505,28.2120462,27.24947195,26.48881188,26.05079208,25.2060396,24.35580858,23.7760066,25.35851485,23.48551155,25.06419142,25.09257426,24.17323432,23.55891089,24.21264026,24.0650495,24.44782178,24.91343234,25.23468647,24.93785479,24.51983498,24.66056106,25.880033,25.84234323,25.01811881,26.55039604,26.27184818,25.35171617,25.47046205,24.94155116,25.45686469,24.53237624,24.95250825,23.98128713,24.62016502,25.18168317,24.65924092,25.01349835,24.1069637
Uganda,Jinja,Jinja,UGA.11.2_1,26.06052632,26.13210526,25.81684211,21.56,26.37,26.47,26.42736842,25.83473684,25.63210526,28.98736842,27.40947368,26.61263158,25.92736842,24.63842105,19.39526316,23.61789474,24.37894737,24.96947368,24.73789474,24.89631579,23.37315789,23.98894737,24.16947368,25.11421053,24.35473684,24.89052632,23.34105263,23.71684211,23.57052632,25.95421053,25.77473684,25.76684211,25.91052632,26.13,25.18210526,24.64473684,26.82210526,25.74105263,23.82473684,25.93,22.90578947,23.86526316,23.53,23.21052632,25.12473684,21.60631579
Uganda,Jinja,Kagoma,UGA.11.3_1,25.87703625,26.09153518,25.75251599,23.69187633,25.2134968,26.66219616,26.13609808,25.78820896,27.77140725,27.17110874,25.31498934,25.5124307,25.3015565,24.07336887,23.99341151,24.03426439,23.5482516,23.2096162,23.93405117,22.42803838,23.03601279,23.83247335,24.1465032,24.08100213,24.65592751,24.781258,24.80138593,24.6689339,24.73119403,25.56816631,25.44833689,25.71618337,26.17818763,26.4303838,23.59682303,24.11520256,24.70198294,24.81878465,24.25469083,24.26539446,24.89950959,24.83767591,24.89166311,24.48565032,23.71166311,24.26356077
Uganda,Kabale,Kabale,UGA.12.1_1,17.831,21.9915,19.3865,22.201,20.116,19.523,21.643,22.2675,19.912,22.262,18.8815,20.0385,21.2885,12.255,18.8525,19.98,18.5635,19.469,18.1555,20.1975,19.678,19.572,21.948,21.963,22.0515,21.606,21.899,22.8575,20.9885,22.4465,21.8745,20.99,22.1625,22.958,22.527,17.8225,21.7365,19.708,19.6135,18.868,20.5745,19.09,20.53,19.7815,18.0855,19.993
Uganda,Kabale,Ndorwa,UGA.12.2_1,18.44873652,21.2883359,19.71021572,21.84654854,21.18559322,20.47699538,20.93508475,21.19422188,20.53385208,19.14189522,19.3938829,18.93409861,19.97776579,18.24026194,17.9690755,17.62060092,17.60038521,18.35705701,18.41745763,18.74084746,18.59859784,18.60771957,20.72362096,21.1866718,21.55927581,22.05936826,21.22513097,21.77058552,20.52744222,21.63104777,20.52072419,20.62531587,21.33927581,21.31912173,20.87819723,19.57416025,19.77280431,19.68787365,19.14476117,18.91403698,19.25986133,19.00183359,18.59345146,19.08420647,17.88309707,18.40969183
Uganda,Kabale,Rubanda,UGA.12.3_1,14.93502966,19.00580071,18.7960261,19.34340451,17.87220641,19.18041518,18.97419929,19.31061684,18.30250297,18.34959668,16.86395018,17.7786121,17.27087782,15.25835113,16.01111507,15.76900356,16.22504152,16.40395018,16.50032028,17.19512456,17.25313167,16.94385528,18.68461447,19.68727165,19.55742586,19.12352313,19.18340451,18.74855279,18.19645314,18.62276394,18.84072361,18.20897983,18.83794781,19.30895611,18.57362989,18.29151839,17.56736655,17.21685647,16.94179122,16.91327402,17.47379597,17.44252669,16.72504152,16.90494662,16.48954923,16.07170819
Uganda,Kabale,Rukiga,UGA.12.4_1,20.4891129,22.71225806,22.0603629,22.58564516,23.7003629,22.31443548,22.33100806,22.38298387,22.19729839,22.98758065,21.54193548,20.72653226,22.50270161,20.08419355,20.43322581,19.83883065,19.81330645,20.80524194,20.36846774,20.73927419,21.62556452,21.40181452,22.59770161,23.40040323,22.94423387,23.35540323,23.40524194,23.91181452,22.64951613,24.07044355,22.07290323,22.42157258,23.03637097,22.93149194,22.08560484,21.45225806,21.63177419,20.8896371,21.00842742,20.4671371,20.925,21.07975806,20.61157258,20.72641129,19.85080645,21.1053629
Uganda,Kabarole,Bunyangabu,UGA.13.1_1,19.47155709,20.7032526,19.99224913,20.99802768,22.06920415,21.66446367,19.55069204,22.1432872,22.08422145,21.72896194,20.55245675,20.28799308,20.97062284,20.18968858,19.12865052,19.71951557,19.3232872,18.50889273,18.92702422,19.63145329,19.32570934,18.66117647,20.15384083,20.19397924,20.44176471,20.81809689,20.33262976,20.66799308,20.20588235,20.76536332,20.88688581,20.96128028,20.70408304,20.34550173,21.10183391,20.27058824,20.48048443,20.46442907,19.45755633,19.9483045,19.57951557,19.34221453,19.90958478,19.86349481,20.0166436,19.11619377
Uganda,Kabarole,Burahya,UGA.13.2_1,21.91420567,22.84551747,22.30081081,23.49137113,23.97970336,23.5782795,22.50379038,23.74020435,24.8204944,24.2605735,22.34046803,22.18758734,22.69922874,22.3291826,21.58901121,22.00137772,21.85189848,21.61582729,22.86824654,21.50431773,22.35765985,21.14626895,21.83220171,22.7232762,22.19808174,22.69015821,22.55800264,22.66168095,22.41730389,22.52377719,22.09582729,22.72580751,22.35054054,22.07468029,22.4017996,22.21034278,22.46898484,22.56158866,21.07623599,21.64222149,21.84802241,21.86537245,22.16380356,21.90181279,22.10347396,21.72140409
Uganda,Kabarole,Fort Portal,UGA.13.3_1,22.34822222,23.84822222,21.86511111,24.482,24.05666667,25.20333333,24.70022222,25.07933333,25.12377778,24.13533333,21.67977778,21.70111111,23.86822222,23.17088889,22.55,22.57888889,21.57711111,23.27711111,23.586,22.12911111,24.00333333,22.39266667,23.51311111,22.96777778,23.29533333,22.04244444,23.45533333,23.08377778,22.92688889,23.11311111,22.74955556,24.06466667,24.03133333,22.91666667,23.13088889,22.58777778,22.82866667,23.08066667,22.05577778,21.99177778,22.594,22.91755556,21.66644444,23.25666667,23.29088889,20.58822222
Uganda,Kaberamaido,Kaberamaido,UGA.14.1_1,26.27289017,25.55398844,26.82078998,26.13847784,26.4705395,28.13342967,28.54277457,25.83473988,28.07855491,26.58354528,25.59743738,26.60537572,25.76763006,24.86768786,24.09736031,25.17554913,24.94082852,24.55364162,24.46797688,24.34146435,23.43836224,23.70462428,23.62475915,23.69884393,24.8226975,23.6594605,23.91641618,23.75870906,23.96547206,24.82716763,24.92805395,24.11942197,24.68868979,24.92845857,24.4600578,25.15801541,24.3094605,23.88131021,24.04169557,24.38256262,23.74252408,24.47352601,24.20339114,24.75608863,24.1077842,23.78552987
Uganda,Kaberamaido,Kalaki,UGA.14.2_1,27.21109813,26.42067757,28.08803738,27.86207944,27.26738318,29.41757009,30.59724299,28.03941589,29.4836215,28.4296729,26.82257009,26.54511682,27.00971963,25.88303738,25.55869159,25.72897196,25.23775701,25.4925,25.20228972,24.97542056,24.73207944,23.83042056,23.28107477,24.74553738,24.99897196,24.52794393,24.3771028,23.69635514,24.72523364,25.51514019,25.12301402,25.07450935,25.64448598,26.24457944,24.64320093,25.80516355,25.41754673,25.36642523,24.71474299,25.25093458,24.74,25.48198598,25.22011682,25.8111215,25.01841121,25.35514019
Uganda,Kalangala,Bujumba,UGA.15.1_1,18.25994709,18.71015873,18.63603175,19.5531746,20.42645503,20.39640212,18.18121693,20.17936508,21.0757672,20.12544974,19.6015873,18.45936508,18.14925926,16.23888889,18.8226455,16.99777778,19.37592593,18.29603175,18.37259259,19.07613757,18.78079365,18.98100529,17.6147619,19.37719577,19.89201058,19.17873016,18.42386243,17.63920635,18.81174603,19.42349206,20.25174603,19.63322751,18.7862963,18.71804233,19.87507937,17.84222222,18.60835979,17.72402116,19.67174603,18.95275132,18.38285714,18.58068783,19.18179894,19.96439153,20.05582011,19.23486772
Uganda,Kalangala,Kyamuswa,UGA.15.2_1,18.46903382,19.43222222,18.68043478,19.01077295,18.55550725,19.22140097,19.14120773,19.99425121,19.7663285,19.94574879,18.6721256,18.87695652,18.38980676,18.63434783,17.05328502,15.08980676,18.50362319,18.99241546,18.1121256,18.49048309,18.83599034,18.3536715,17.37821256,19.61743961,19.35405797,19.06304348,17.27975845,17.4205314,18.43628019,18.84140097,19.54642512,18.3168599,17.08748792,18.7384058,19.21995169,16.99115942,18.85173913,16.43009662,19.01386473,18.2321256,18.66874396,17.07425121,17.53937198,18.76400966,19.1736715,19.36246377
Uganda,Kampala,Kampala,UGA.16.1_1,28.02897196,26.74252336,26.80439252,27.33214953,27.73691589,29.04728972,27.18224299,25.72607477,29.79551402,27.18971963,28.19383178,28.28766355,26.42906542,28.63747664,27.72084112,27.6628972,27.41738318,26.91794393,26.40841121,26.07588785,26.37299065,25.87065421,26.21588785,27.07065421,26.23719626,26.69327103,26.4935514,27.43186916,26.44635514,27.32420561,28.12757009,28.0535514,27.79785047,29.42757009,29.51560748,29.22551402,29.28121495,27.83934579,28.37074766,27.93869159,27.0482243,27.46495327,26.52345794,25.81345794,26.97186916,29.19803738
Uganda,Kamuli,Budiope,UGA.17.1_1,25.92493418,24.9240808,25.84064911,25.16607808,26.01188833,26.97866092,25.99364049,26.60146618,27.62950068,25.86033137,25.16669542,25.57108942,25.59324103,24.2935951,23.28313663,24.19340445,24.07349523,24.05265093,24.17452111,23.83106219,22.22708579,22.85439401,23.36878348,23.01501135,23.83748979,23.75781661,23.11191557,23.60945529,23.69337721,24.47266001,24.34167499,24.4559192,25.13768044,25.01174308,24.17274172,24.58846573,24.07462097,23.78403541,23.90728552,24.15102587,22.19957785,23.97782569,24.27640036,23.88920109,23.70991829,23.65615524
Uganda,Kamuli,Bugabula,UGA.17.2_1,26.57825206,25.91898725,26.38368342,26.297982,27.15703676,27.36114779,26.87778695,28.52981995,29.16417854,26.29972243,26.51397599,26.95526632,26.2652138,25.13669167,23.83907727,24.6563916,24.05153038,24.27859715,24.73603151,24.33405101,23.22029257,23.42392348,24.58821455,24.03163541,24.95832708,24.80282821,24.52744936,24.83214554,24.42065266,25.73327082,25.56981995,25.03070518,25.61726182,25.6863991,24.95532633,25.17381095,24.69906227,24.39658665,24.37402101,24.90851463,24.15814704,23.72807952,24.43253563,24.13954239,23.56903976,24.98611403
Uganda,Kamuli,Bulamogi,UGA.17.3_1,26.76062992,26.38127953,27.04665354,26.67877953,27.25529528,28.37257874,27.93850394,28.98220472,29.63234252,26.99576772,27.19297244,27.59757874,26.64033465,26.24437008,23.47110236,25.16549213,24.06194882,25.08602362,25.43610236,24.88155512,24.26958661,24.49610236,23.81582677,24.07675197,25.16507874,25.16944882,24.3859252,24.45944882,24.55275591,26.28305118,24.85793307,25.24879921,26.43690945,26.34045276,25.3717126,26.06311024,25.41663386,24.51484252,25.34185039,25.17200787,23.71470472,25.14104331,24.74718504,25.27738189,24.5515748,25.65082677
Uganda,Kamuli,Buzaaya,UGA.17.4_1,26.14900415,26.97323651,26.0040249,25.43493776,26.66319502,28.02556017,27.01008299,27.00360996,28.32099585,26.97605809,25.3746473,26.59128631,25.82041494,24.68580913,23.24560166,24.37759336,24.40053942,24.16033195,24.40502075,23.90692946,23.32651452,23.37290456,24.20149378,24.75311203,25.31547718,25.12327801,24.33302905,25.26983402,24.44721992,25.42738589,25.49004149,25.72983402,26.19,26.2726971,24.0519917,24.49726141,25.23253112,24.63448133,23.94514523,24.13614108,24.79556017,24.61356846,24.94082988,24.56912863,23.48236515,24.70925311
Uganda,Kamwenge,Kibale,UGA.18.1_1,23.14326905,24.07144648,23.23973963,24.46974928,25.18608486,24.81757956,23.03565092,25.17621022,25.76650916,25.37362584,23.93987464,23.74330762,24.27578592,23.1031919,23.48363549,23.49520733,22.89867888,22.80918997,23.83179364,22.66355834,23.34492768,23.02087753,23.57173578,24.38878496,24.35919961,24.49250723,24.66863067,24.71194793,24.12363549,24.40533269,23.80714561,24.73694311,24.40857281,24.10465767,24.32051109,23.92378978,23.6928351,23.28027965,22.37,22.39358727,22.84556413,23.09038573,23.79997107,23.05285439,23.21219865,22.35541948
Uganda,Kamwenge,Kitagwenda,UGA.18.2_1,23.58883978,23.16157459,23.96864641,24.17071823,25.26765193,24.2481768,23.09187845,24.38256906,25.51726519,25.4080663,24.5801105,24.74859116,24.47135359,24.49825967,23.86928177,23.80176796,23.73933702,23.11698895,23.95530387,22.32444751,21.67698895,23.39726519,23.56077348,24.31248619,25.06629834,24.99604972,24.6121547,24.72638122,24.4509116,24.89229282,24.57535912,24.66743094,25.20201657,24.54599448,23.30773481,23.79651934,24.1441989,24.12668508,23.4751105,22.41207182,22.78151934,22.31,23.35505525,23.22765193,23.57060773,23.28486188
Uganda,Kanungu,Kinkiizi,UGA.19.1_1,21.81450928,23.1633687,22.37880637,23.72511936,24.40172414,24.3834748,23.44206897,24.36777188,24.49244032,24.17355438,24.00328912,22.65435013,22.76761273,22.20485411,22.15469496,22.01254642,22.24188329,22.69392573,22.16771883,22.50787798,22.37501326,21.1493634,22.35522546,23.21954907,23.54244032,22.3034748,22.84915119,22.40753316,22.5969496,22.97180371,22.45286472,22.54453581,23.35697613,23.05090186,22.82437666,23.10092838,22.57525199,22.50466844,22.08564987,22.44920424,21.33572944,21.95851459,22.02745358,22.37676393,21.39366048,21.50156499
Uganda,Kapchorwa,Kongasis,UGA.20.1_1,19.95323432,20.34966997,19.73887789,20.059967,21.02161716,21.59726073,21.7479538,20.76570957,23.89481848,20.95887789,21.34056106,18.56986799,20.31013201,19.07323432,17.63844884,17.2920462,18.71831683,18.00891089,18.09128713,17.49273927,16.28108911,15.04478548,14.85353135,15.17726073,14.83432343,14.61640264,14.83059406,15.16207921,15.30910891,16.84052805,16.45607261,15.93359736,17.70858086,18.64871287,16.80105611,18.6689769,17.46244224,16.60620462,17.64930693,18.52475248,17.62927393,16.77353135,18.34828383,17.94528053,18.40910891,17.73379538
Uganda,Kapchorwa,Kween,UGA.20.2_1,25.34305305,25.23432432,26.91052052,26.10215215,26.34309309,28.75538539,29.29406406,27.991001,30.43428428,27.79746747,26.22501502,24.26211211,26.11454454,25.47098098,23.76247247,22.24261261,23.57776777,22.28931932,23.17880881,22.57512513,21.36763764,20.61346346,21.10975976,21.12307307,21.45570571,20.8312012,21.0070971,20.74537538,21.11656657,22.01018018,21.5546046,21.95188188,22.61914915,24.23332332,22.90191191,23.748999,23.38827828,22.88447447,22.8498999,23.37748749,23.87264264,23.10551552,24.06209209,23.94043043,23.86497497,22.73634635
Uganda,Kapchorwa,Tingey,UGA.20.3_1,22.31531707,21.19473171,21.78004878,21.64439024,23.17292683,23.55921951,24.6,23.9282439,24.88541463,23.10121951,22.45063415,20.94839024,22.37936585,21.29195122,19.8377561,19.0722439,20.05458537,19.15443902,18.94439024,18.99839024,18.61873171,18.43365854,18.31536585,18.708,18.89839024,18.86317073,18.08692683,18.69702439,18.56595122,20.05078049,19.67395122,18.62795122,20.11804878,20.75326829,18.9537561,19.80741463,19.81829268,18.97307317,19.67721951,20.19365854,20.4215122,19.62926829,20.25931707,20.3524878,21.52707317,19.98482927
Uganda,Kasese,Bukonjo,UGA.21.1_1,18.97516729,19.94079926,20.24964684,20.89942379,21.42920074,21.24141264,21.16392193,22.01579926,22.04957249,20.92451673,21.03184015,20.25154275,21.01282528,20.11408922,20.93241636,19.73756052,19.7572119,18.99057621,18.97782528,19.15983271,19.42957249,18.94107807,19.66089219,20.14685874,20.79291822,20.73804833,20.49007435,20.67747212,20.22031599,20.94,20.81513011,20.65275093,20.45884758,20.45083721,20.55447955,20.45574349,21.929,20.06247212,19.49157993,20.14339535,20.26426977,20.01128253,19.02769517,19.82195167,18.89563197,19.9545539
Uganda,Kasese,Busongora,UGA.21.2_1,21.60623496,22.45753008,22.92943383,22.78828733,24.08609342,22.96606511,22.43465676,23.87873319,24.24159236,23.12994338,22.74633404,22.36235669,22.80552725,22.6791012,22.8357891,22.1986565,21.45670913,21.6602477,21.58392781,21.67734607,21.71176929,20.69028309,22.15748762,22.28496108,22.7756051,22.85549186,22.39703468,22.78473088,22.31329795,22.86823071,23.0391012,22.73298761,23.43123142,22.72209088,22.70027315,22.90005666,23.06362038,22.17367767,21.85379603,21.73815631,21.14677054,21.51393768,22.15587403,21.82353149,21.7465322,22.12065817
Uganda,Katakwi,Amuria,UGA.22.1_1,29.03048538,29.10421282,29.92868077,28.80036714,29.02154947,31.5246982,32.41221531,30.96009334,31.21378345,29.11762912,28.79108276,28.9657934,28.3442626,27.9059303,26.36820784,26.88106409,26.9204916,26.27247666,25.97002489,25.78864343,25.99606098,25.28706285,24.33774113,25.66070317,25.95775358,24.99800249,25.39479154,25.09677038,24.85044804,26.3319664,25.90575607,25.7638519,26.36840697,27.84708774,26.10446173,26.4041257,26.40947729,26.6561481,26.78804605,27.29704418,26.71563783,26.50060361,26.10112632,26.88168637,27.15342253,26.47593653
Uganda,Katakwi,Kapelebyong,UGA.22.2_1,30.05956399,29.93168776,31.14046414,29.94074543,30.14440225,32.7509564,33.8407173,31.13438819,32.02555556,29.57511955,29.33064698,29.55368495,29.08628692,28.5461744,26.78603376,27.41607595,27.29663854,26.35849508,26.28409283,26.17247539,25.29523207,25.16654008,25.03672293,25.33931083,25.92710267,25.00462729,24.28434599,25.55016878,25.14628692,26.63697609,26.54412096,26.13967651,26.47154712,28.08240506,26.6285654,26.80831224,27.31272855,26.68246132,27.28423347,27.23638537,27.12673699,26.9271308,26.16398031,27.33320675,27.61168776,27.30746835
Uganda,Katakwi,Usuk,UGA.22.3_1,29.19689123,28.1793193,29.80326316,28.77757895,29.14002105,31.52646316,32.62021754,30.62925614,31.79669474,29.21943158,29.40051228,29.40202807,28.61244211,28.40607018,26.66024561,27.03767719,26.86341754,26.64991579,25.79843509,26.0870807,25.13204912,24.5881614,25.32174737,25.40724912,25.5118386,24.57718596,24.99658246,24.67981053,25.13513684,26.14190175,26.07543158,25.62614035,26.42164912,27.40112982,26.25328421,26.60399298,26.54375439,26.43315789,26.60789474,26.8153614,26.49143158,26.41993684,26.34681404,26.97625965,27.18908772,26.37415439
Uganda,Kayunga,Bbaale,UGA.23.1_1,25.27818713,25.09915205,26.13883041,25.08587719,26.35792398,26.19178363,26.86590643,27.7574269,27.60508772,25.91192982,25.83415205,25.66438596,25.96491228,24.21862573,23.01497076,24.37652047,24.1771345,24.09122807,24.1902924,23.13087719,23.1548538,22.96935673,23.49383041,23.26923977,23.69596491,23.74154971,23.67201754,23.63210526,23.40005848,24.24906433,24.75883041,24.26309942,24.79397661,24.92719298,24.47982456,24.81356725,23.69903509,24.26070175,22.85777778,23.89362573,23.60678363,23.64730994,24.51146199,23.63590643,24.48555556,24.21345029
Uganda,Kayunga,Ntenjeru,UGA.23.2_1,25.52788462,25.92278846,25.69477564,24.36173077,26.35144231,27.14801282,25.59804487,26.78528846,28.48051282,26.29266026,25.51698718,25.65102564,24.78746795,24.64945513,21.76272436,23.34217949,23.85176282,22.76932692,24.31605769,23.28115385,23.12538462,23.72083333,23.9374359,24.46913462,24.59314103,24.78711538,24.68987179,24.18817308,24.45157051,24.75958333,25.25512821,25.37467949,25.6236859,25.43522436,25.70807692,24.28942308,24.05080128,24.41849359,23.52897436,23.73150641,25.11355769,24.46814103,24.16887821,24.0638141,23.43192308,24.24285256
Uganda,Kibale,Bugangaizi,UGA.24.1_1,24.60319672,25.15733607,25.19512295,25.41184426,26.6717418,27.27020492,26.04625,26.85834016,27.72147541,24.67315574,25.61043033,25.50963115,24.90883197,22.95266393,24.45807377,23.48790984,23.59340164,23.71180328,24.32319672,23.40555328,24.10954918,24.07610656,24.20020492,24.7647541,24.2155123,24.5129918,24.36327869,24.65528689,24.16221311,24.79452869,24.98745902,24.40868852,24.76577869,24.59688525,24.57495902,23.60934426,23.08471311,23.31991803,23.53618852,23.36577869,23.97831967,23.05040984,24.40561475,23.4852459,23.17622951,23.91754098
Uganda,Kibale,Buyaga,UGA.24.2_1,22.93703297,25.04396825,23.74372405,25.20345543,26.49078144,27.78191697,26.07495726,27.74323565,27.4310989,25.38428571,26.05525031,25.11842491,25.67178266,23.47246642,24.47937729,23.1889011,23.71319902,23.85930403,23.67410256,23.71627595,24.40565324,23.53791209,23.75822955,24.7881685,24.51290598,24.01815629,24.99554335,24.56855922,24.20970696,24.1665812,24.81188034,24.86003663,24.83485958,24.63786325,24.36164835,23.86321123,23.58704518,22.95442002,23.52079365,22.91339438,23.28267399,23.52763126,23.65512821,23.55879121,23.71681319,23.7341514
Uganda,Kibale,Buyanja,UGA.24.3_1,23.99435803,23.98619956,22.67685253,24.79694057,25.80498166,26.42399853,23.64037417,25.75837858,26.41877476,24.0722157,24.22232575,23.03993397,23.97158474,21.9561482,22.59107117,23.19905356,22.85798239,23.48143067,23.33055759,22.75538518,23.57085106,23.23488628,22.66000734,23.86763756,23.92779897,23.5739325,24.02696258,23.93090976,23.3932135,23.65217168,23.64198826,23.83934703,23.72325018,23.8573661,23.70200293,22.78936904,22.97636831,22.59955246,23.11529714,21.98250183,23.25648569,22.6168672,23.26150404,23.17422597,22.69035216,23.33827586
Uganda,Kiboga,Kiboga,UGA.25.1_1,25.44869436,26.20186096,26.06749894,24.39224671,27.4150869,28.15529886,27.22253073,27.49827469,28.32832132,26.52793133,26.45800339,26.37708775,25.73155998,24.72577787,24.92321747,24.55506147,24.28413311,24.99219585,25.28048749,23.83343366,24.50449767,23.82224248,24.46112336,24.98049597,24.84623569,24.76454006,24.52481136,24.37237389,24.44142009,25.03855447,25.27038152,24.83016109,25.14063162,25.33552777,25.10295464,24.88571005,25.04635439,24.91121238,24.16991522,24.01703688,24.43484103,23.99231454,24.69003391,24.15150064,23.84913523,24.04691395
Uganda,Kisoro,Kisoro,UGA.26.1_1,16.59818402,18.54992736,17.85605327,19.65748184,18.44883777,18.3859322,19.27702179,19.58445521,18.44368039,19.37043584,18.44973366,18.48443099,18.82631961,16.02663438,17.12811138,17.98811138,17.95806295,18.22181598,18.09121065,18.68464891,18.53992736,18.30138015,19.34365617,19.22479419,20.54987893,18.9833414,19.791477,19.45600484,18.91641646,19.4374092,19.03108959,18.82675545,19.31159806,19.65464891,19.16973366,19.07878935,18.73084746,17.8746247,18.01496368,17.9466586,17.81961259,17.75615012,17.48060533,17.8425908,17.04861985,16.86987893
Uganda,Kitgum,Chua,UGA.27.1_1,29.14830071,30.2715014,30.9900043,30.98057432,31.33388901,33.02068617,31.50307808,30.98084965,31.70348247,28.63254248,29.15673263,28.41355345,28.37676274,26.84531942,25.94255324,25.41048182,25.81727898,25.22198537,24.99311895,25.09457733,22.95875457,23.68730695,24.25582491,23.91414283,24.36230802,23.79155302,23.59995913,24.5657066,24.05311465,24.73916326,25.20563777,25.28603356,25.61023231,26.26558185,25.73980856,25.63459884,25.95157023,25.71155302,25.50708755,25.70463541,25.6065498,26.07629383,26.42943644,26.9009701,26.79668961,26.59594106
Uganda,Kitgum,Lamwo,UGA.27.2_1,29.27908647,30.26709746,30.56197067,30.95620226,31.75168042,33.79447907,31.06374885,31.37448518,32.83545677,29.60998778,28.86219676,29.26515429,27.89373969,26.84806905,26.53943477,25.7243538,25.99779102,25.74532539,25.3222762,25.24706691,23.96464711,24.03491903,24.32957226,23.57584174,24.32915674,24.06820959,23.47746104,24.32681027,24.18372441,24.58780629,25.32863123,25.02415215,25.47746104,25.60133517,25.99510235,25.76852123,26.02900397,26.134033,25.79775435,26.20454934,25.69851818,26.78996945,26.54710969,27.07526123,27.11180263,26.3643538
Uganda,Kotido,Dodoth,UGA.28.1_1,27.22392087,28.3467638,30.14127695,28.41088131,29.49492774,31.42480218,30.5270244,29.48520493,30.06248993,26.94618574,26.20154703,26.09429282,26.71304667,25.49523099,24.11377636,24.06366501,24.56820896,24.53619758,23.61918266,23.5357901,22.51415541,22.35574745,22.62593935,23.00243781,22.91205165,22.4948235,22.60687278,23.14653637,22.97961857,23.6871855,23.91018479,23.60377399,24.35411751,25.10912343,25.000353,25.2503601,24.46650794,23.25888889,23.94820422,23.61742004,24.36907131,23.67888415,24.24800047,25.02296375,26.26380715,25.47298034
Uganda,Kotido,Jie,UGA.28.2_1,30.25011096,30.5617522,33.81769302,30.46438742,32.38843736,34.37347665,33.66656958,31.15241331,32.01822931,27.44374942,28.84981507,29.52127138,28.38105871,27.30740176,26.92297272,26.51805363,26.41830328,26.61869163,25.40478502,25.72996301,24.46268608,24.64299122,24.57404993,24.98825243,24.9694822,23.94995377,24.0621313,25.22442441,24.79257975,25.25110957,25.09214517,25.65880259,26.88055016,27.2066528,25.86710587,27.07563107,26.67228387,26.98311142,26.5952982,26.77003699,27.49576976,26.60271382,27.22287101,27.1823902,29.75470643,27.49009246
Uganda,Kotido,Labwor,UGA.28.3_1,29.24182312,29.44238855,31.23509605,29.86396158,30.0768793,32.43845959,32.08824574,29.33321856,30.99367524,27.32077927,27.73695904,27.74299021,27.29865531,26.06113447,25.7088909,24.98642624,25.34835448,25.27554549,23.86778905,24.32073577,23.36082276,23.17829286,22.4492751,24.01430591,23.26101848,23.61442189,23.21523378,23.91232693,23.69326205,24.5380029,24.88531714,24.75637187,25.59418267,26.27930047,24.85519029,25.70723813,25.54120696,25.75722726,25.47866256,26.1496593,26.56546212,25.46184487,25.71071765,26.27176151,27.49353751,26.20373686
Uganda,Kumi,Bukedea,UGA.29.1_1,28.15465531,25.77327656,28.96883212,28.18644769,28.68169505,30.30021898,30.86849148,29.55364964,30.82391727,29.72487429,29.31903487,28.85136253,28.28000811,27.8039335,26.8278751,26.64594485,26.5574777,26.57210868,26.13807786,26.81120032,25.31319546,24.79270884,26.26502028,26.14927007,26.04208435,25.0752717,25.37879157,26.02589619,26.03150852,27.04445255,26.19364964,25.91121655,27.17233577,27.97084347,26.82187348,26.58090024,26.65548256,26.3825223,26.1911841,26.98067315,26.44318735,25.41752636,26.4120438,26.41483374,26.37077859,25.27744526
Uganda,Kumi,Kumi,UGA.29.2_1,28.42355662,26.56617225,29.22913876,28.35838915,28.15118022,29.86894737,30.77315789,30.50550239,30.05701754,28.8408134,28.88569378,28.79220096,28.04467305,27.87992026,26.42716108,26.74751196,26.38492823,26.02435407,26.35130781,26.36735247,25.06180223,25.15657097,25.2808453,25.6807496,26.11162679,24.31794258,25.37513557,25.34336523,25.28572568,27.02148325,25.51060606,26.30572568,26.78722488,27.52349282,26.43526316,26.54441786,26.47960128,26.48547049,25.52623604,26.41255183,25.41701754,25.68661882,26.37893142,26.76253589,26.28508772,26.20668262
Uganda,Kumi,Ngora,UGA.29.3_1,27.83847337,27.62294675,28.22455621,27.64557396,28.00836686,29.4452426,30.25340828,29.51534911,29.94945562,28.25009467,28.3216213,28.48789349,27.32661538,27.43215385,25.44465089,26.44029586,25.94604734,26.03071006,25.77454438,25.75605917,24.38820118,24.95321893,25.02857988,25.44772781,25.81291124,24.37092308,24.62259172,25.03847337,24.63601183,26.25866272,25.32718343,25.85667456,26.09407101,26.92098225,25.72005917,26.57989349,25.46495858,25.97149112,25.24315976,25.7927929,25.43752663,25.99501775,25.35366864,26.23168047,26.13340828,25.14067456
Uganda,Kyenjojo,Kyaka,UGA.30.1_1,23.69266536,24.04790299,23.38377756,24.95285154,25.59575208,25.98969623,23.33399804,25.77033317,26.592244,26.67310632,24.05415483,24.15790789,23.9132827,23.01199902,22.69956394,22.72535522,22.56802058,22.49419402,23.56645272,23.85742773,23.14393435,23.65674179,23.77252817,24.68919647,24.98315042,24.86689368,24.68629593,25.03379226,24.14863792,24.62871632,24.27414503,24.17254777,24.18808917,24.06134738,23.9999853,23.48960804,23.50185693,23.23602646,21.93037237,21.61844684,22.89825086,22.26405194,23.60394415,22.32363057,23.00282705,23.46191573
Uganda,Kyenjojo,Mwenge,UGA.30.2_1,23.23392442,23.69851744,22.75322674,24.25718023,25.25790698,25.24366279,23.47784884,25.1993314,26.60232558,25.32122093,24.14145349,24.19366279,24.34151163,22.63703488,23.24773256,22.9755814,22.67136628,23.31104651,23.54186047,22.83107558,23.92180233,22.45674419,23.20651163,23.80331395,23.8890407,23.95052326,24.15418605,24.05043605,23.88436047,23.5030814,23.77843023,23.98034884,23.7002907,23.55598837,23.56354651,22.66375,23.36232558,22.99281977,22.60662791,22.34659884,22.17104651,22.6818314,22.96476744,22.20575581,22.30709302,22.39453488
Uganda,Lake Albert,Lake Albert,UGA.31.1_1,22.15135338,22.74525242,22.42976369,21.43107411,21.58929108,22.10701396,21.14888292,21.94525242,22.63305048,22.00209452,21.8943609,21.73708915,21.98630505,21.96737916,22.28218045,23.0256391,22.64153598,22.97058002,23.52198711,22.95317938,22.76810956,22.1720623,22.43882922,22.5398174,21.85178303,21.8832116,21.92125671,21.68011815,21.49530612,21.29322234,21.64883996,22.02864662,22.18258861,22.27607948,21.93298604,22.1307304,22.32690655,21.65854995,21.93390977,22.28931257,22.48346939,22.53936627,23.25070892,22.90351235,23.00911923,22.67343716
Uganda,Lake Victoria,Lake Victoria,UGA.32.1_1,20.22354165,20.07634878,19.4607011,19.83658238,20.39518318,20.50305398,19.56864897,19.98338993,20.37820976,19.71243174,18.78521298,19.26696138,19.39538908,19.40034047,19.1330043,18.79370932,19.46091303,19.82195942,19.8589503,19.99808995,19.66023992,19.39795147,18.77332581,20.01357988,19.82178603,19.41059002,18.64310635,19.00272705,19.11524098,19.52805533,19.60380957,19.26162467,18.98103344,19.34627984,19.57146181,18.94020862,19.00906559,18.84561215,19.08782534,18.8505828,19.37741383,19.19787321,19.4322451,19.20311358,19.07844276,19.58022788
Uganda,Lira,Dokolo,UGA.33.1_1,26.79256574,25.66179283,26.94185657,26.83043028,27.44958566,29.30360956,30.01200797,27.1489004,28.95199203,27.6423506,26.67693227,26.790749,26.20139442,25.57213546,25.32942629,25.46539442,25.02826295,25.27670916,25.102749,24.93698008,24.38249402,24.44317928,24.51922709,24.88250996,25.3325498,25.01541833,24.37949801,25.04378486,24.6861753,25.41930677,26.16085259,25.4630996,26.06415139,26.1530757,25.24815139,26.00853386,24.73251793,25.16196813,24.66074104,25.05560956,24.40066135,25.15967331,24.6679761,25.31495618,25.13640637,25.04123506
Uganda,Lira,Erute,UGA.33.2_1,28.07260754,28.06493051,28.75935804,27.71546658,28.54530113,30.47641959,30.61667108,28.02032429,30.68375248,29.68859696,28.01796823,28.97373263,28.14109199,27.40716744,27.06294507,26.39657842,26.47048974,26.24939113,26.42331568,26.12364659,24.52549967,25.14845136,25.0975182,25.00973527,25.70167439,25.74437459,25.49863005,25.47443415,24.73103243,26.09087359,27.19877565,26.59252813,26.89923891,27.00671741,26.27904037,26.38040371,26.05367968,25.69362674,25.50410986,26.07589014,24.817227,26.41161482,25.92632032,26.08981469,26.34733951,25.36536731
Uganda,Lira,Kyoga,UGA.33.3_1,24.80865693,24.22687591,24.80155231,24.088618,24.6229635,26.13019465,25.42175669,24.69346472,26.13360097,24.08978589,24.5253674,24.40813139,24.42282725,23.34043309,23.00412165,23.28994161,23.5526764,23.84694404,23.56108516,23.13186861,22.06710949,23.11094404,23.17679319,23.03043796,23.09050608,22.67166423,22.2316837,22.50387835,22.16414112,22.82596107,23.26253528,23.64408273,23.98241849,23.73184915,23.0639562,23.77332847,22.70417032,23.48836496,22.8127056,23.23913869,22.95111922,23.18911436,23.46872506,23.00011192,23.02985401,22.09145985
Uganda,Lira,Lira,UGA.33.4_1,29.16230769,29.83871795,29.59820513,26.15615385,29.44025641,31.6874359,30.74384615,30.66179487,31.22076923,30.59307692,29.80128205,29.61153846,29.88948718,27.97102564,27.72538462,27.44897436,27.63769231,28.06692308,27.60128205,27.32282051,21.77615385,26.25358974,27.60435897,26.28897436,26.97871795,26.35153846,26.73564103,27.25051282,25.75564103,28.01307692,28.36487179,27.89153846,28.41871795,28.47307692,27.68487179,28.05564103,27.95615385,27.13205128,27.58333333,27.57512821,28.40589744,28.09974359,27.35102564,27.47358974,27.51923077,26.44435897
Uganda,Lira,Moroto,UGA.33.5_1,28.62266928,29.23063794,30.20373251,29.58857862,29.17098489,31.28585898,32.38459429,29.47755456,30.56033016,29.72494124,28.32876889,28.82439284,28.1327756,27.50871293,26.53196978,26.11970341,26.72697818,25.94748181,25.91880806,26.11509233,25.26860101,25.16279239,24.61803581,24.97136542,25.52957471,25.90634024,25.14797426,25.66768327,25.1665305,26.1055568,27.11616676,26.38647454,26.56415781,27.29445439,25.77848349,26.61722999,26.27905428,25.91634583,26.19455512,26.65161164,25.91849468,26.55663682,25.89232792,26.59092893,26.85029099,25.60424734
Uganda,Lira,Otuke,UGA.33.6_1,29.11228823,30.29605061,31.58042904,29.99376238,30.34223322,31.81877888,32.83319032,30.26870187,31.35191419,29.91237624,29.17352035,29.04025303,28.51550055,27.24907591,26.52542354,26.70405941,26.40942794,25.16348735,24.74493949,25.94632563,24.27316832,24.13255226,24.08709571,24.2549505,25.64491749,25.68137514,25.07182618,24.94958196,24.92863586,26.0509681,26.20375138,26.01213421,26.05917492,27.03517052,25.81176018,26.88652365,26.85121012,26.23726073,26.32273927,26.99490649,26.42155116,26.78729373,26.13935094,27.19547855,27.35552255,25.86016502
Uganda,Luwero,Bamunanika,UGA.34.1_1,25.13645533,25.07527378,26.1354755,24.13069164,26.41178674,26.9856196,26.02902017,27.72360231,27.91778098,26.74158501,26.34135447,25.58472622,25.48524496,24.59927954,24.43927954,24.66478386,24.76184438,24.11737752,24.79213256,23.81080692,24.39498559,23.22700288,23.87028818,23.87985591,24.18123919,23.99536023,25.00956772,24.88884726,24.44896254,24.75974063,25.12746398,25.36204611,26.2829683,25.20533141,25.14870317,25.15086455,24.90832853,25.0889049,24.05288184,25.06152738,24.25054755,24.78086455,24.97582133,23.97017291,24.92544669,24.36291066
Uganda,Luwero,Katikamu,UGA.34.2_1,25.08104478,25.14698176,25.59729685,23.17630182,26.10402985,26.94578773,25.17006633,26.10515755,27.28018242,26.01218905,25.97776119,24.96641791,25.26067993,23.81630182,23.30442786,23.94618574,24.27779436,24.04535655,24.6793864,23.12741294,23.8046932,23.38854063,23.76631841,23.67849088,24.41623549,23.92320066,24.86751244,24.46399668,24.02273632,24.74160862,24.98807629,24.82638474,25.15679934,24.64485904,24.39308458,24.20983416,24.36018242,24.5661194,24.51281924,24.33666667,23.4833665,23.70575456,24.70698176,23.47507463,23.06880597,23.90373134
Uganda,Luwero,Nakaseke,UGA.34.3_1,25.87564103,25.67656805,26.3664497,24.17846154,26.41514793,27.74885602,27.45974359,27.7647929,28.43832347,26.72063116,26.09850099,25.47323471,25.71852071,24.88128205,24.01733728,24.63418146,24.8547929,25.17467456,25.16201183,23.67753452,24.26398422,24.1812426,24.65869822,24.49863905,24.81954635,24.39662722,24.38197239,23.96879684,24.13897436,25.12796844,25.35307692,24.94556213,25.03351085,24.70526627,25.08816568,24.58842209,25.27650888,24.38284024,24.97431953,24.58863905,24.43800789,24.34802761,24.77013807,24.05717949,24.15098619,24.20191321
Uganda,Masaka,Bukomansimbi,UGA.35.1_1,25.11380142,25.10943262,24.84716312,25.05984397,25.3081844,26.75513475,24.9144539,26.66157447,28.30066667,26.19748936,26.24177305,25.18747518,25.35170213,24.46514894,25.0668227,23.2770922,24.46435461,24.46971631,24.63834043,24.68242553,24.66242553,24.93930496,25.41385816,26.37575887,25.78131915,25.49737589,25.51868085,26.30500709,26.08341844,27.12665248,26.47975887,26.76129078,26.1828227,26.45561702,25.91697872,25.36103546,24.74001418,25.72092199,25.13204255,24.24007092,23.93476596,24.10171631,24.24197163,24.7358156,23.70560284,25.49144681
Uganda,Masaka,Bukoto,UGA.35.2_1,24.76093207,24.96134281,23.6792575,24.24731438,24.77240126,25.39410742,23.48823065,24.96165877,26.01846761,25.40488152,24.90624013,25.09733017,24.27846761,23.19227488,22.64842022,22.65236967,22.98668246,22.9164139,22.78023697,23.66775671,23.62554502,23.02244866,24.23116904,25.01056872,23.97660348,23.64279621,24.8207109,24.16440758,24.89913112,25.07537125,25.86955766,26.09530806,25.86668246,25.48036335,25.45647709,24.80102686,24.56488152,24.51053712,24.13489731,23.20200632,23.79034755,23.53221169,23.09331754,24.43445498,23.71363349,24.2528752
Uganda,Masaka,Kalungu,UGA.35.3_1,24.1817761,24.75826695,25.22657696,24.72825619,25.6216254,26.43555436,23.57809473,26.08928956,27.26758881,26.23598493,25.74446717,25.3478902,25.19876211,23.77923574,23.83538213,21.42339074,22.72179763,23.92612487,23.77021529,24.18791173,23.54113025,23.8109042,24.02651238,24.67079656,24.69574812,24.68558665,24.79185145,25.28814855,25.3182239,25.81443488,26.0985253,26.59734123,25.87083961,26.31555436,26.13531755,25.29921421,23.93805167,24.67144241,24.48612487,24.29548977,23.61200215,23.14050592,23.94061356,23.78664155,23.59923574,24.62145318
Uganda,Masaka,Masaka,UGA.35.4_1,24.75444444,25.7737037,24.60074074,25.83703704,26.50037037,25.33148148,25.86222222,27.01333333,27.64592593,28.70666667,26.90296296,26.55777778,25.05740741,23.40555556,24.20740741,23.90481481,24.31074074,24.97,24.03333333,25.19925926,24.91925926,24.69259259,24.9137037,26.40333333,25.73962963,23.26814815,25.5937037,25.17037037,26.01296296,27.32481481,26.76037037,27.74814815,25.89925926,26.43185185,26.48814815,25.18925926,26.82222222,24.66407407,26.11222222,25.60703704,24.36037037,25.36185185,25.49296296,26.04259259,24.67259259,25.20518519
Uganda,Masindi,Bujenje,UGA.36.2_1,23.4221304,25.0295906,25.83956785,24.22216073,26.50998484,27.34643669,26.72793783,27.38549659,27.88951478,26.58021986,26.30837756,26.68093252,25.17752085,24.75874905,24.98203942,24.41457923,23.8461486,24.61724792,24.86552691,23.99350265,24.22255497,23.83574678,24.35362396,24.57797574,24.25812737,24.36429871,23.65721759,24.19796058,23.65439727,24.27168309,24.41160728,24.04232752,24.54595148,24.34052312,24.46279757,23.33849128,25.01018196,24.09094011,23.42789234,22.98913571,23.39626232,23.9308188,23.94743745,23.77090978,24.11611069,23.15562547
Uganda,Masindi,Bujenje (?),UGA.36.1_1,25.30080597,26.66991045,26.36134328,24.82698507,27.17155224,27.72752239,28.12546269,28.52456716,29.48367164,27.81453731,27.69149254,26.9701194,25.19292537,26.00758209,26.08480597,25.53035821,25.40450746,26.07480597,25.72940299,25.10716418,24.83716418,24.26671642,24.81256716,25.18444776,24.33173134,24.91698507,24.59065672,24.31202985,24.02441791,23.93543284,25.04856716,24.9601194,24.87041791,25.47970149,24.71680597,24.6079403,24.978,25.02677612,24.81477612,23.61370149,24.05925373,24.75928358,25.38214925,24.3078209,25.95101493,25.00764179
Uganda,Masindi,Buruli,UGA.36.3_1,24.42725587,25.67772147,26.38753605,24.88114957,27.19340338,27.63220025,27.51986403,28.28535229,29.76016069,28.20848372,27.43857849,27.42539349,26.2612567,25.36530284,25.06303667,24.67961681,24.32401731,24.97235682,24.97235682,24.79946848,24.35042027,23.31223321,24.45405439,24.38941492,24.41031314,23.90667903,24.08292954,23.78873918,23.36576432,24.32761022,24.59150803,24.30153688,24.43061805,24.58320148,24.69154924,24.08540173,25.08733004,24.19061805,23.56775855,23.58216316,24.17456531,24.69224145,23.9438937,23.77354347,24.65509271,23.77677379
Uganda,Masindi,Kibanda,UGA.36.4_1,24.73841608,26.07761229,26.1657762,25.43921986,27.07316785,28.55011032,27.66377463,28.57037825,30.09141844,28.69977147,27.21441292,26.65605201,25.17447597,24.51471237,24.95345154,24.06717888,24.8427502,24.8656974,24.42847124,24.30947991,23.40019701,22.77040977,23.21765957,23.85315209,23.8543814,23.76240347,23.37728132,23.89825847,23.55918834,24.25044129,24.19827423,24.35436564,24.33009456,24.69671395,24.23096139,24.3550591,24.52189913,24.23811663,23.60911742,23.96460993,23.77113475,24.66062254,24.40054374,23.97488574,24.8364145,23.70973207
Uganda,Mayuge,Bunya,UGA.37.1_1,25.19054962,24.85940458,24.34465649,23.60853435,25.72545038,24.58319084,24.3771145,26.20157252,25.55192366,23.78954198,24.51051908,24.48462595,24.78954198,22.85378626,22.72941985,23.11375573,22.76193893,23.59668702,23.05232061,23.83509924,22.02343511,23.12731298,22.74606107,23.78447328,23.85152672,23.45509924,23.87357252,23.79851908,23.48108397,24.72560305,24.9880458,24.07534351,25.36694656,25.00957252,24.48367939,24.36899237,24.39079389,24.06777099,22.71516031,23.27839695,22.82251908,23.64022901,22.83964885,22.12908397,23.63729771,22.96407634
Uganda,Mbale,Bubulo,UGA.38.1_1,22.7072,22.80605714,23.3924,23.60045714,25.36188571,24.67951429,24.46262857,24.83645714,26.14785714,25.64274286,24.51437143,24.0548,23.82285714,23.0854,22.59885714,22.03874286,21.51565714,21.63122857,21.6116,21.36202857,20.53537143,20.48145714,20.96411429,21.59174286,22.51514286,22.11231429,21.85891429,22.3574,22.0724,23.40548571,23.1906,23.09745714,23.40682857,23.82625714,23.57291429,23.04165714,23.77608571,22.41631429,23.08157143,22.92665714,21.8674,22.16631429,22.1028,22.30562857,22.08405714,23.02062857
Uganda,Mbale,Bungokho,UGA.38.2_1,25.4967591,25.11103986,26.12213172,25.90043328,26.87045061,27.12629116,26.57551127,27.44736568,28.41360485,27.58091854,26.98705373,26.4717331,26.36282496,25.82785095,25.19807626,24.57824957,24.26694974,24.7022357,24.29904679,24.3059792,23.86019064,23.07991334,24.26580589,24.3937435,24.41960139,24.80379549,23.89298094,24.62691508,24.27596187,25.63793761,25.50258232,25.6882669,25.98958406,26.35097054,25.75866551,25.22764298,25.85190641,25.15214905,25.38559792,25.20968804,24.0265338,23.93242634,24.60306759,24.44840555,24.89783362,24.64071057
Uganda,Mbale,Manjiya,UGA.38.3_1,18.21268041,18.33975945,18.87701031,18.41419244,20.50869416,20.65439863,19.07893471,20.71261168,21.33151203,20.64333333,18.72450172,18.8875945,18.28250859,18.44979381,18.43536082,17.42360825,17.81694158,17.06890034,17.15687285,16.95027491,17.37412371,16.54498282,16.42890034,17.24189003,16.44917526,17.74841924,17.21123711,18.00292096,18.03989691,18.16945017,18.39845361,17.96092784,17.9671134,18.19611684,17.29879725,18.57817869,17.81158076,18.02793814,17.57797251,17.27920962,17.08896907,17.15852234,17.39130584,17.75446735,18.43364261,18.89604811
Uganda,Mbale,Mbale,UGA.38.4_1,28.154,27.71666667,28.44133333,28.25266667,28.9,30.12466667,28.78533333,29.536,29.77733333,29.64066667,29.486,29.53733333,29.03333333,28.25866667,28.05266667,26.11333333,26.36466667,26.764,26.476,26.162,26.022,25.55533333,26.87866667,27.034,26.58466667,27.198,26.41466667,26.49266667,27.60266667,27.74733333,27.472,26.97533333,27.91666667,28.63333333,28.06666667,26.02666667,29.018,26.39066667,28.258,27.04066667,25.44066667,26.22466667,26.244,26.78866667,27.41,26.16666667
Uganda,Mbarara,Bukanga,UGA.39.1_1,25.00021583,24.49011068,26.36692308,25.31999447,26.1462922,25.55264527,25.36811843,26.89564471,26.79160487,26.38080243,25.07384062,25.32579413,25.41389596,24.63224682,22.82826231,23.81061981,23.23018816,23.6207803,23.91565578,25.03428334,25.08125623,25.30983398,26.29210293,27.35700609,26.93084117,27.22301605,27.854228,26.63804649,27.50124516,28.41991699,27.47293304,27.46301605,27.06073603,27.21329828,27.28054787,26.72023796,26.14651356,25.09557831,24.52003874,23.91585501,23.13588821,23.64300498,24.87005534,24.2868788,24.73661871,24.24373547
Uganda,Mbarara,Ibanda,UGA.39.2_1,24.30564758,22.95946256,25.49838767,24.83234361,25.31540969,26.34762115,24.07086344,26.138,26.96897797,26.20668722,25.04425551,24.67562115,24.33109251,23.82896035,24.04400881,23.89239648,23.23350661,23.69137445,23.69081057,23.29052863,22.70733921,23.45567401,23.9576652,24.62931278,25.60245815,24.90885463,25.23456388,25.40337445,24.35896916,25.00073128,24.62289868,25.36559471,24.56147137,24.61810573,23.95643172,24.25609692,24.52492511,23.81810573,23.20006167,22.62839648,23.67382379,22.79840529,23.12467841,22.92915419,23.38124229,23.41895154
Uganda,Mbarara,Isingiro,UGA.39.3_1,24.01929599,23.78126419,24.48367146,24.36137017,25.35277063,25.08046177,24.95455715,25.60364118,26.41741862,26.27903861,24.91925057,24.89093868,24.96427706,23.66847086,23.13142316,23.28433762,23.37896291,23.5563134,24.80815291,24.37496593,24.56379258,24.85520818,25.67516276,26.46828917,25.99010598,26.40542771,26.69160484,26.65369417,26.5356321,27.35040878,27.23089326,27.25514762,26.20312642,27.04700227,26.55434519,25.74656321,25.77799394,24.73148372,24.10050719,24.12754731,23.61487509,23.57947767,24.28800151,23.3757835,23.18859198,23.40233914
Uganda,Mbarara,Kashari,UGA.39.4_1,25.21039474,24.74065789,25.71220395,25.45901316,25.78796053,26.64940789,25.26888158,26.76177632,27.21638158,27.06796053,25.45430921,25.01388158,24.96375,24.19328947,23.82296053,23.57667763,23.45401316,24.17361842,24.57269737,23.98677632,24.45953947,24.50796053,25.42703947,25.72023026,26.46121711,26.44953947,26.05013158,26.53210526,25.14674342,26.61296053,26.09930921,26.83546053,25.34506579,25.99365132,25.97190789,24.43052632,24.89164474,24.58164474,24.46355263,23.16101974,24.25184211,22.89131579,24.17661184,23.23618421,24.02753289,24.57815789
Uganda,Mbarara,Kazo,UGA.39.5_1,24.77486188,24.52641989,25.32283978,25.22569061,26.43254144,27.32558011,24.12270718,26.96149171,26.96171271,26.16288398,24.50321547,25.11461878,24.92118232,24.06794475,23.98356906,24.38546961,23.00023204,24.42016575,24.5661105,24.48487293,23.90359116,24.13742541,24.98261878,25.56447514,26.8419116,25.43594475,26.20401105,26.4661547,25.61503867,26.09092818,25.58577901,25.85623204,25.45342541,25.04043094,24.49,24.5300663,24.51240884,24.40960221,23.60131492,23.48827624,24.84938122,24.06235359,24.45941436,22.75293923,24.01024309,23.90248619
Uganda,Mbarara,Mbarara,UGA.39.6_1,25.22647059,26.29705882,25.89431373,26.58176471,25.93784314,27.40098039,27.03470588,28.10568627,27.19784314,27.78019608,26.68882353,26.91666667,26.71941176,26.04254902,25.28647059,24.87039216,25.05862745,26.32921569,26.34294118,25.48647059,24.31588235,25.8727451,27.12960784,26.83313725,27.68607843,26.70843137,27.00686275,26.39352941,25.51392157,28.06019608,27.94843137,25.92607843,25.86960784,26.29823529,27.39862745,26.00294118,26.23235294,26.32137255,24.64490196,24.40176471,25.13352941,24.86803922,25.51470588,24.75235294,24.28843137,24.90764706
Uganda,Mbarara,Nyabushozi,UGA.39.7_1,24.6723569,24.0927385,25.71949495,25.41231201,25.86553311,26.578844,25.27024691,26.93861953,26.72313131,25.51505051,25.13006734,24.67531987,24.87637486,24.25906846,23.53143659,23.78973064,23.54955107,24.06375982,24.64901235,24.46548822,24.92245791,24.78712682,25.84328844,26.29682379,27.19480359,26.45740741,26.38546577,26.72654321,25.89076319,26.79969697,26.39989899,26.45558923,25.56373737,25.45924804,25.5330303,25.25956229,24.97628507,24.46746352,23.63922559,23.43282828,23.63482604,23.81377104,23.61612795,23.08497194,24.12378227,24.21900112
Uganda,Mbarara,Rwampara,UGA.39.8_1,22.87014742,23.0780344,22.02987715,23.51611794,24.39044226,24.93547912,23.51257985,25.08457002,25.18471744,25.01869779,24.62395577,23.75162162,24.07304668,22.56191646,22.70488943,22.38496314,22.87759214,23.18152334,23.60253071,22.84638821,23.06896806,23.88882064,24.2502457,25.32309582,25.5517199,25.45262899,25.13176904,25.29562654,23.72523342,25.2970516,25.48601966,24.94850123,24.65970516,24.84788698,24.262457,23.45402948,24.26542998,23.29842752,23.24820639,22.88051597,23.25280098,22.12638821,23.09361179,22.97474201,22.13484029,23.08506143
Uganda,Moroto,Bokora,UGA.40.1_1,30.51074176,30.76008242,32.76826923,30.9971978,31.12818681,33.79379121,34.305,31.99326923,33.48884615,29.42288462,29.75593407,30.15736264,29.21266484,28.10186813,27.30703297,26.885,27.08593407,26.84027473,25.88697802,26.24840659,24.22978022,24.3993956,24.86434066,25.1025,25.19857143,24.83637363,24.62917582,24.96684066,24.65065934,25.97027473,25.85230769,25.61425824,26.89923077,27.44,26.81263736,27.31813187,27.06362637,27.37357143,27.11162088,27.38335165,27.55326923,26.70835165,27.03269231,27.79631868,29.10266484,27.94123626
Uganda,Moroto,Matheniko,UGA.40.2_1,28.28104868,29.19795834,30.83992492,27.90730201,29.34431824,31.95000484,31.58885202,30.83399612,31.38849358,26.49762412,27.15139985,28.19893679,26.93292565,26.30168322,25.25672318,25.06928796,25.36061274,25.41205377,25.21694599,23.99828772,22.62706951,22.38092759,23.20367401,23.38254541,24.01084282,23.49604505,23.37828288,23.79314362,23.95325987,25.17676193,24.82521918,24.56902155,26.61736256,27.57248002,26.50955922,26.79578833,26.30323323,26.14269072,25.98458949,24.52509809,25.11282393,24.41334221,26.16966093,25.47397675,27.75509082,26.50295229
Uganda,Moroto,Moroto,UGA.40.3_1,31.438,32.118,31.93,31.946,31.15,34.294,31.982,34.19,33.882,28.806,29.858,30.63,29.582,25.162,26.774,28.266,27.346,27.806,26.638,25.97,25.714,23.31,24.882,25.722,22.77,24.818,23.454,27.014,25.698,27.874,27.582,22.806,26.274,29.302,26.214,27.326,27.142,29.134,27.158,27.366,28.706,23.634,24.834,27.014,30.678,26.974
Uganda,Moyo,Obongi,UGA.41.1_1,29.5683,29.21964,29.7535,29.52272,31.99894,32.02164,33.06046,33.56706,34.14314,31.84672,30.73602,30.70466,28.17066,28.52466,27.4973,26.68196,26.9396,26.8516,26.83288,26.34394,25.7946,24.21472,24.78944,24.35878,23.99826,23.79062,24.14948,24.40064,24.17254,24.52618,24.95724,25.33892,25.23852,25.53448,25.56386,24.5305,24.26284,25.60254,25.5086,25.52684,25.61608,26.65986,26.4541,26.64528,27.25172,27.58234
Uganda,Moyo,West Moyo,UGA.41.2_1,29.26194894,29.92506383,30.50678298,29.40986383,31.83321702,31.06705532,31.53354043,32.15600851,32.93609362,28.82950638,29.67457872,29.92268085,26.30017872,27.70276596,26.89425532,26.96356596,26.37095319,26.51229787,26.04782128,25.30405957,24.87641702,23.41810213,24.72458723,23.43587234,23.86126809,23.54603404,23.7508,24.24046809,23.69704681,23.5969617,24.83658723,24.82368511,24.8774383,25.34000851,25.5217617,25.08203404,25.32645957,24.76489362,25.73224681,24.82378723,25.4840766,26.3686383,26.95045957,26.80022979,27.25466383,27.17258723
Uganda,Mpigi,Butambala,UGA.42.1_1,24.90580508,23.88669492,24.01529661,24.12716102,25.35673729,25.95813559,24.01686441,25.2909322,25.73131356,25.72211864,24.46495763,24.45788136,24.08050847,23.57491525,23.36911017,22.41173729,23.5170339,23.7965678,23.60300847,23.21016949,23.83805085,24.0370339,23.22101695,23.9779661,24.65271186,24.27042373,24.2675,24.87724576,25.07716102,24.99885593,25.60330508,25.39580508,25.16872881,25.12720339,25.68902542,24.69699153,24.21347458,24.92322034,24.69771186,23.82783898,23.40088983,23.76932203,23.43211864,22.34949153,24.19894068,24.67987288
Uganda,Mpigi,Gomba,UGA.42.2_1,24.89405295,23.91558045,24.9714664,24.41301426,25.51863544,26.55354379,24.76120163,26.27391039,26.31040733,26.86503055,24.48755601,24.94492872,24.37602851,23.46144603,23.53232179,22.809389,24.07281059,24.6389613,23.64641548,24.05928717,23.84169043,24.31452138,24.71539715,24.02144603,25.92747454,25.27352342,25.23794297,26.12226069,25.56252546,25.11423625,24.38331976,24.93892057,25.54558045,24.9202444,25.4790224,24.52262729,24.74401222,24.27765784,24.0194501,23.21513238,22.30800407,23.80731161,22.88083503,22.5190835,24.29052953,24.22979633
Uganda,Mpigi,Mawokota,UGA.42.3_1,23.52696416,23.14709065,23.62852424,23.10152495,24.38981729,25.3921785,23.54827126,24.13921996,25.30571328,24.0996416,23.72524947,23.80111736,22.5040267,21.51996486,23.12030218,21.68018974,22.22860857,23.29907941,22.74411103,22.887948,22.78534786,22.90374561,22.25382291,23.57371047,23.95156008,23.56645819,23.53157414,23.72460295,23.23740689,24.01104006,25.11181307,24.88890372,24.34394238,25.03749122,24.76308503,24.01371047,23.24836964,24.37685875,23.86652846,21.94739986,21.97826423,22.90486999,22.75082923,22.46725931,23.26186226,23.9250246
Uganda,Mubende,Busujju,UGA.43.1_1,24.13692308,22.03143357,23.1165035,23.14377622,23.8427972,25.12377622,23.26692308,23.71856643,24.52657343,23.78185315,22.55531469,23.21412587,22.72737762,20.87590909,21.75765734,21.16667832,22.34755245,23.51538462,23.0222028,21.93286713,22.86688811,22.98716783,22.12601399,22.57730769,23.65737762,23.33262238,23.07758741,24.22027972,23.44737762,24.1791958,24.11416084,23.48685315,24.24835664,24.21793706,24.6879021,23.18104895,23.35534965,23.53339161,22.78384615,23.05982517,22.59713287,23.53993007,22.16216783,21.41692308,23.34898601,23.72905594
Uganda,Mubende,Buwekula,UGA.43.2_1,24.96464229,24.86013552,24.84276395,25.02883391,25.8579294,26.8792972,24.4654554,26.4094075,27.00132682,26.01737472,24.14719508,25.12449102,24.06132052,23.11201072,22.32625591,22.81114718,23.74535455,23.64596596,23.6690104,23.83647337,23.12978569,24.25291207,24.40133943,24.78810274,25.16523479,24.99225024,24.79223763,25.74021116,24.98380397,25.14057674,25.12191932,24.45569808,24.69963126,24.35151907,24.78260637,24.37615191,23.6634636,23.50462338,22.6028648,22.24665931,22.86608572,22.81707217,23.04691144,22.59540183,23.68549953,23.69699653
Uganda,Mubende,Kassanda,UGA.43.3_1,24.36680861,24.32639623,24.48994621,23.89060959,25.10032721,26.94873599,24.87583595,25.45901838,26.42574182,25.98861049,25.0496952,24.62961452,24.87158673,23.48272075,22.71441954,23.26047064,24.40517705,24.05276109,24.22961452,23.8134424,23.76657553,24.04042582,24.30115195,24.7694442,24.97509189,24.9014926,25.38134917,25.55459883,24.6230883,25.68736441,25.24659346,24.75780816,24.93647243,24.94563424,25.23558494,24.65591663,24.3178978,23.89290453,23.82498879,23.13340654,22.68071268,23.14165397,23.2256701,22.90396683,23.67165845,23.69001793
Uganda,Mubende,Mityana,UGA.43.4_1,23.58929412,23.07851765,24.90057255,23.29307451,25.82901176,26.34979608,24.52008627,24.99136471,25.3588,24.72814902,24.40024314,23.42436863,23.66505882,22.72388235,22.70116863,22.26512157,23.73677647,23.69724706,23.62204706,21.54007059,23.15167843,23.62816471,23.75127059,24.13809412,24.23698039,24.066,23.91393725,24.28905882,24.18785098,24.72256471,24.86800784,23.64623529,24.65335686,22.95829804,25.22819608,24.87635294,23.21539608,24.04215686,23.35381176,23.43387451,22.274,22.70305098,22.74584314,22.57341961,23.37740392,22.41762353
Uganda,Mukono,Buikwe,UGA.44.1_1,23.52683849,23.18701718,23.06814433,22.10113402,23.01148454,23.56414433,23.07281787,24.61252921,24.60672852,24.24804811,22.60318213,22.50591753,22.87185567,23.12436426,21.24186254,21.37332646,20.9562268,22.21148454,21.93756014,22.34646735,21.49857732,22.02621993,21.88857045,22.84532646,22.38561512,22.53035739,22.60051546,22.40576632,22.734811,23.33340893,23.63314777,23.39034364,23.34797938,23.79130584,23.15449485,23.05580069,23.13,23.24791065,22.57085223,22.08320962,22.61970447,22.29285911,21.66676976,20.65937457,21.29626804,22.3991134
Uganda,Mukono,Buvuma Islands,UGA.44.2_1,22.57061453,21.54743017,21.25067039,20.4026257,21.90463687,21.70748603,20.3077095,22.8222905,22.52826816,22.46586592,19.96357542,20.10536313,21.07558659,21.46385475,19.75469274,19.29,19.7750838,20.06519553,19.71603352,19.95363128,19.80374302,21.0449162,20.81351955,21.0252514,21.17625698,20.63877095,21.28653631,21.01810056,21.87206704,22.43173184,21.93106145,21.51558659,21.95815642,21.74575419,20.92480447,22.18586592,21.09575419,20.83787709,20.49407821,20.78296089,20.53368715,20.69391061,20.3652514,19.19212291,20.80659218,19.50128492
Uganda,Mukono,Mukono,UGA.44.3_1,23.32986853,22.298447,23.55921939,21.88789647,23.95264585,24.3794659,23.39810189,24.48559573,24.9426212,23.75465078,23.28878389,22.41585045,22.20096138,20.87149548,21.85486442,21.9720378,22.28631882,22.34876746,22.40595727,22.38630238,21.84707477,22.26784717,21.76004108,22.65673788,22.59264585,22.96503698,23.05930156,23.12858669,22.68119145,23.0342235,23.85847987,23.46594084,23.54857025,23.94738702,23.80253903,23.04253903,23.26350863,23.00934265,22.53907149,21.94298274,22.98239113,22.41680362,22.59211997,22.43001643,21.6333032,23.3320378
Uganda,Mukono,Nakifuma,UGA.44.4_1,24.76270684,24.68127681,25.6306333,22.92899898,25.389857,26.25717058,24.28045965,25.15451481,27.08814096,24.6345761,24.85539326,25.0578856,24.53627171,23.7906333,23.36113381,23.69484168,23.52438202,23.77120531,24.39700715,23.33228805,23.76946885,23.45917263,23.50691522,23.97185904,23.65868233,23.9446476,24.00023493,24.46805924,24.2274668,24.21300306,25.28348315,24.9781716,25.38397344,25.60895812,24.90914198,24.02158325,24.61543412,24.54466803,24.23016343,23.65128703,24.99996936,24.64064351,24.07862104,23.19067416,23.16515832,24.4811951
Uganda,Nakapiripirit,Chekwii,UGA.45.1_1,28.5058885,28.84465738,30.46979094,28.14990708,29.13218351,31.74897793,31.7628223,30.58173055,32.80421603,29.88335656,28.995482,27.97929152,28.14456446,27.98965157,26.28609756,25.89840883,26.52686411,26.09808362,25.10702671,25.52842044,23.74960511,23.30860627,24.44242741,24.26433217,24.31053426,24.23320557,23.77736353,23.76173055,24.33952381,25.03606272,24.87304297,24.95699187,25.7112079,26.57710801,25.58154472,26.20865273,25.73799071,26.1185482,26.1060511,25.94563298,26.23550523,25.76261324,26.83199768,26.84140534,27.00191638,26.02133566
Uganda,Nakapiripirit,Pian,UGA.45.2_1,29.95476712,30.05764384,31.52060274,29.64616438,30.52150685,33.36369863,32.98572603,31.29531507,32.88273973,28.03416438,28.92687671,29.37043836,28.69515068,27.7229863,27.20038356,26.97816438,26.99465753,26.88506849,26.28846575,26.21646575,24.19156164,24.17830137,24.65835616,24.69306849,24.98868493,25.04989041,24.59416438,24.84975342,24.80046575,26.00446575,25.88594521,25.34890411,26.45065753,27.31608219,26.25367123,27.49958904,27.08463014,27.20342466,27.08736986,26.76523288,27.24145205,26.17526027,27.43821918,27.29646575,28.54780822,26.92265753
Uganda,Nakapiripirit,Pokot,UGA.45.3_1,28.9389835,30.42694518,31.86949973,27.8140447,29.08499734,32.41253326,31.36799894,30.72227249,32.13708888,29.10822246,28.69992017,28.40227249,28.89566259,27.87641831,26.84091006,26.45519425,26.78626397,26.55758914,25.88693454,25.32621075,24.12361362,23.06187866,24.54922299,24.19316126,24.13625865,24.50085684,23.98192123,23.62977648,24.27718467,25.62424162,24.94937201,24.51205428,26.06390101,26.76197445,26.19018095,27.87403406,26.95005322,27.59550293,26.99758914,26.51445982,26.84195317,25.39041511,27.41642895,26.95609899,28.11865354,26.31439596
Uganda,Nakasongola,Buruli,UGA.46.1_1,26.3126738,26.41713661,26.87634905,24.83438503,27.14094798,27.93246962,28.2546281,28.48360233,29.21136121,28.0890666,26.84667477,26.62557608,26.85725328,24.95218765,24.44091881,24.6120807,24.53198347,24.23053476,25.19319883,24.23290715,24.16408848,23.90592611,24.57929509,24.38298979,23.81054448,23.99901313,24.29038892,24.08601361,23.75349052,24.44865824,24.61882839,24.7739086,25.1304667,25.29245017,25.18602333,24.96206612,24.98921245,24.9323335,24.74958192,24.64165775,24.20721925,24.46958192,25.03037919,24.41103063,24.79862421,24.31846864
Uganda,Nebbi,Jonam,UGA.47.1_1,28.59171623,29.4577825,29.19175021,28.24751912,29.6562192,30.67864911,29.84983008,30.9662277,33.44401869,30.5886576,30.23997451,30.15501274,29.17509771,28.96945624,28.9546729,28.14335599,28.45863212,28.89900595,29.17523364,27.61914189,27.47049278,27.36031436,27.35603229,27.35457094,26.91912489,26.69785047,26.376661,26.32248938,26.35246389,27.08816483,27.0346729,27.39368734,27.68313509,27.43949873,27.60350892,26.51215803,26.4520051,26.89747664,27.05159728,26.9551147,26.14427358,26.15875106,27.51847918,27.68228547,28.37859813,27.28588785
Uganda,Nebbi,Okoro,UGA.47.2_1,25.32813773,25.69403492,25.25987391,26.13593598,25.92235694,28.80412221,27.53221145,28.64610087,28.55230844,28.26130941,27.28582929,26.86627546,25.53991271,24.26129001,24.18963143,24.2143453,23.89874879,24.09892338,23.77444229,23.22470417,23.13225024,21.49271581,23.08664403,22.15900097,23.0229001,23.15673133,22.56088264,22.34524733,22.80390883,23.42837051,22.7842968,23.47075655,22.78311348,22.94257032,23.50249273,23.28823472,23.57828322,23.45622696,22.86798254,21.8399321,22.97558681,23.23490786,23.69975752,23.50910766,24.41795344,23.73496605
Uganda,Nebbi,Padyere,UGA.47.3_1,29.23719723,29.51128028,29.05927336,28.46650519,29.68702422,31.05435986,29.75788927,31.71823529,33.61809689,29.98799308,29.88771626,30.07730104,29.34086505,28.93083045,28.76529412,28.19567474,27.89968858,28.75823529,28.34044983,27.30564014,27.21591696,26.89757785,26.9917301,26.97262976,26.22155709,26.60525952,26.08564014,25.87404844,26.21968858,26.56079585,26.70712803,26.76778547,26.99207612,27.13733564,26.90799308,26.20283737,26.10875433,26.9967474,26.19743945,26.17847751,26.50820069,26.25242215,26.95944637,26.98602076,28.25439446,26.56605536
Uganda,Ntungamo,Kajara,UGA.48.1_1,21.04331507,22.56539726,23.09876712,24.12342466,23.77608219,24.05624658,22.8150411,24.95153425,24.20282192,24.14950685,23.32380822,23.91279452,24.07789041,21.3469863,22.62550685,23.01991781,23.24019178,23.118,23.97569863,22.69208219,23.36287671,24.18221918,25.09394521,24.74172603,25.63169863,24.86649315,25.49,25.32156164,24.0999726,23.17054795,25.1000274,25.34967123,24.7760274,24.69515068,23.63706849,24.03334247,23.94616438,22.91953425,22.71191781,23.03136986,22.37268493,22.82019178,22.89805479,23.0770137,21.39673973,21.71131507
Uganda,Ntungamo,Ruhaama,UGA.48.2_1,22.79740385,23.8174359,24.33096154,23.85596154,24.52769231,24.93647436,23.93012821,25.26423077,25.59230769,25.54538462,24.75657051,24.20910256,24.71865385,23.83589744,23.35051282,23.45512821,23.83070513,23.69673077,24.38423077,23.59602564,24.36538462,24.2550641,25.31900641,25.50211538,25.96891026,26.13307692,26.75288462,26.43660256,25.44685897,26.43583333,26.58666667,26.31012821,25.9975641,25.76570513,25.40564103,24.78410256,25.33391026,24.39887821,23.90858974,24.10762821,23.95275641,22.69538462,23.49599359,23.52230769,21.79891026,23.30487179
Uganda,Ntungamo,Rushenyi,UGA.48.3_1,22.63974811,24.27274559,24.29521411,24.79047859,25.21612091,25.25166247,24.74874055,25.70649874,25.13559194,25.35423174,24.71448363,24.95261965,24.99274559,23.87123426,23.8884131,23.69647355,23.72498741,24.60433249,23.9618136,23.84473552,24.38599496,25.12496222,25.66387909,26.44211587,26.0034005,26.84478589,27.13206549,26.66571788,26.31088161,27.90904282,25.85282116,26.61964736,26.35148615,25.94125945,26.46710327,24.84914358,25.57667506,24.70654912,24.84871537,24.57329975,24.62589421,23.92571788,24.35405542,23.82347607,22.95299748,23.72831234
Uganda,Pader,Agago,UGA.49.1_1,29.26605083,29.49252199,31.56092864,30.42839687,30.01529814,32.56726295,32.47033236,29.83907136,31.82900293,29.18208211,28.82438905,29.28147605,28.32020528,26.95529814,26.84395894,25.76910068,25.90869013,25.07359726,24.67326491,25.53832845,24.16790811,23.88876833,24.66567937,24.11695992,24.87684262,24.51113392,23.93340176,24.78329423,24.61674487,25.31125122,25.98325513,25.55828935,25.69625611,26.79920821,25.7986608,26.31959922,26.45891496,26.36978495,25.92526882,26.23246334,26.63328446,26.69989247,26.28266862,27.02309873,27.33250244,26.40691105
Uganda,Pader,Aruu,UGA.49.2_1,28.93857288,29.38322499,30.66042153,29.7690452,30.30430168,32.07299644,31.3178517,29.54042153,31.34011681,29.05999492,28.58730828,28.73765871,27.15122905,26.26978669,26.44012697,25.2344388,25.54251397,25.12114271,24.87303707,24.9042001,23.61794312,23.74767395,24.59435754,23.24215846,25.11328085,24.32831386,23.88731844,24.60776536,24.48000508,25.19718131,25.53704926,25.52201625,25.82767395,26.40701371,25.61388014,26.40630269,26.39714068,26.06673946,25.72737938,25.97148299,26.09448959,27.00325546,26.41408329,27.12374302,26.74308278,26.22751143
Uganda,Pallisa,Budaka,UGA.50.1_1,27.48911579,25.71075789,28.23964211,27.06098947,29.24953684,29.22418947,29.38524211,29.43223158,30.06515789,29.44435789,28.17938947,27.87665263,27.98730526,27.47067368,26.94928421,25.64162105,25.67130526,26.45189474,26.68793684,25.71054737,25.38932632,25.09593684,25.84157895,26.05938947,26.56507368,25.94330526,25.70924211,25.76452632,25.98701053,27.75926316,26.00237895,26.02549474,27.90823158,27.19635789,26.99046316,26.83783158,26.75105263,26.24010526,25.7484,26.52532632,25.98498947,26.00317895,25.86305263,25.56924211,25.97484211,25.45816842
Uganda,Pallisa,Butebo,UGA.50.2_1,27.56632124,25.99264249,29.01455959,28.15088083,28.52445596,30.05248705,29.81642487,29.95989637,30.39699482,30.01761658,29.2592228,28.87025907,27.83005181,27.87559585,26.35181347,26.87725389,25.7819171,26.54279793,26.46559585,26.61595855,25.75528497,25.22512953,26.5165285,26.46388601,25.81658031,25.41626943,26.20409326,25.67238342,26.09626943,27.71854922,27.42751295,25.46170984,28.0411399,27.51227979,26.76378238,26.83797927,26.91725389,26.38626943,25.97891192,26.89880829,25.60647668,25.6461658,26.23927461,25.87103627,26.81072539,25.69316062
Uganda,Pallisa,Kibuku,UGA.50.3_1,27.4248951,25.50769231,27.71164336,26.42699301,27.69524476,28.55562937,28.84276224,29.02003497,29.12381119,28.72713287,27.61527972,27.82524476,26.90185315,26.42188811,25.01402098,24.28597902,25.13027972,25.12433566,25.52062937,25.00045455,24.92772727,24.38202797,24.84566434,25.09318182,26.21381119,25.80444056,25.65342657,25.25832168,24.60433566,26.64482517,26.3143007,25.85625874,27.09625874,26.73622378,26.52993007,25.76265734,26.44954545,25.2079021,25.26136364,25.98227273,24.78986014,25.26524476,25.0034965,25.17125874,25.76765734,24.52555944
Uganda,Pallisa,Pallisa,UGA.50.4_1,26.48959777,26.19846927,27.12260335,26.43424581,27.33784358,28.12803352,27.85563128,28.14001117,28.98512849,27.66032402,26.51849162,27.49634637,25.73163128,25.87147486,24.15802235,24.90772067,24.5361676,24.74490503,24.77976536,24.61777654,23.89858101,23.93332961,24.13605587,23.67788827,24.56472626,24.80883799,24.09460335,24.83397765,24.48586592,25.84861453,24.58365363,24.58385475,25.81869274,25.64700559,25.04615642,25.47471508,24.94550838,25.25426816,24.34329609,24.90347486,24.35067039,24.84224581,24.73469274,24.99437989,25.21455866,24.6503352
Uganda,Rakai,Kabula,UGA.51.1_1,25.07195965,24.71557157,25.09411143,25.12095101,26.56102786,26.53240154,25.0949952,27.16225744,27.79710855,27.0957829,25.33972142,24.1615658,24.88352546,24.10634966,22.91026897,23.43591739,22.78389049,24.52490874,24.96911623,24.83459174,24.52179635,25.10425552,26.80035543,26.39474544,27.11067243,26.01332373,26.90492795,26.04160423,26.61683958,26.44131604,26.41543708,25.94035543,25.98333333,25.88433237,26.1182805,25.3179731,24.38775216,24.30150817,23.71691643,23.43549472,23.39783862,23.98273775,23.89276657,23.2601633,24.27793468,24.77851105
Uganda,Rakai,Kakuuto,UGA.51.2_1,24.3239402,21.98552159,23.75344186,23.84061794,25.19168771,25.48415282,24.12728904,22.95756146,25.4221196,25.38815282,23.70475083,25.03583389,24.70416611,23.24452492,22.33592691,23.02334219,22.27934219,22.23349502,22.57135548,22.91431894,22.72157475,22.86360797,24.43362791,24.6787309,23.78150831,24.65313621,25.4552093,25.1466113,25.28508306,26.33863787,26.02366113,26.58437874,26.64893688,26.4869701,26.77069103,25.74669103,25.81526246,25.70435216,25.2607907,24.13956811,23.87503654,24.5484186,24.47979402,24.85031894,24.49196678,24.95801329
Uganda,Rakai,Kooki,UGA.51.3_1,24.7345607,22.70153588,23.24549296,23.80079812,25.08425889,25.43296445,24.47913481,24.62287726,25.97885312,25.36702213,24.672723,24.05144869,24.95918846,23.95170355,21.87435949,21.63202549,21.60857814,22.3817505,21.48211268,23.52890007,22.65651911,24.06480885,24.84307847,25.96517103,25.78344064,26.04570758,26.40130785,25.85791415,25.95449363,26.70357478,26.48246144,27.05179745,25.83704225,25.90073105,26.50617706,24.8026224,24.52533199,24.18279678,23.65305835,22.97206573,22.85466801,23.13442656,23.20664655,23.70006036,23.92221999,24.34939638
Uganda,Rakai,Kyotera,UGA.51.4_1,25.12288503,24.57210412,23.24724512,23.79396963,25.53852495,26.42004338,23.43872017,23.65629067,25.9562039,26.20067245,24.25926247,25.62110629,25.37603037,23.87908894,22.75281996,23.54340564,23.30303688,22.54455531,22.80898048,23.70869848,23.42867679,23.35145336,24.36062907,25.18776573,24.03954447,24.17687636,25.54681128,25.20156182,24.93206074,25.24097614,26.16535792,26.44156182,26.130282,26.73446855,25.95976139,24.86613883,25.10739696,25.36852495,25.44904555,23.88869848,24.29229935,24.21574837,24.13039046,24.265141,23.99809111,24.73490239
Uganda,Rukungiri,Bufumbira,UGA.52.1_1,22.49978369,23.57638935,22.64530782,24.49798669,24.68064892,24.72121464,23.58517471,24.0522629,25.00803661,24.86384359,24.3033777,23.4366223,23.82058236,23.21462562,23.26993344,22.95981697,23.19542429,24.22387687,23.57109817,23.50164725,23.26044925,22.25372712,23.86480865,24.1966223,24.50487521,24.34031614,24.38058236,23.71449251,23.47955075,24.60361065,23.87861897,24.10530782,23.82028286,24.17725458,23.4146589,23.58600666,23.60374376,23.44141431,22.58304493,22.67515807,22.62903494,22.6966223,22.47449251,22.76680532,21.05499168,23.01232945
Uganda,Rukungiri,Rubabo,UGA.52.2_1,20.15090121,22.74920277,21.14844021,22.89048527,23.8797747,23.31911612,21.80459272,24.48996534,23.38753899,23.50792028,21.78882149,22.04996534,23.67831889,21.74930676,22.06060659,22.342513,21.98743501,22.74688042,22.58840555,20.89807626,23.21599653,22.92743501,23.1310052,23.93426343,24.40802426,23.89478336,23.02764298,24.29974003,22.92389948,23.99038128,23.29918544,23.54930676,23.53890815,23.40511265,23.52941075,23.20254766,22.84996534,22.40788562,22.05984402,22.4439688,22.31852686,21.67284229,21.35918544,22.42802426,20.57242634,20.24861352
Uganda,Sembabule,Lwemiyaga,UGA.53.1_1,24.7935691,23.79006529,24.84458107,25.01615887,25.8892383,25.55676823,24.97996736,26.02301415,26.86919478,28.344037,24.80788901,25.41278564,24.360642,24.40575626,22.31563656,23.30414581,23.79487486,23.9631012,24.60714908,24.10418934,24.92566921,25.23430903,26.57961915,26.13082699,26.58173014,25.40547334,26.43900979,26.36351469,25.51163221,26.27633297,25.3165506,24.91269859,25.46125136,25.22645267,25.28297062,24.97489663,23.44917301,24.49944505,22.74769314,22.62083787,23.80675734,23.38584331,24.11550598,23.14244831,23.29881393,24.23761697
Uganda,Sembabule,Mawogola,UGA.53.2_1,25.57075893,24.69881696,25.39299107,24.82345982,25.6615625,27.25404018,25.14535714,27.4265625,27.73055804,27.01765625,25.67540179,25.85444196,25.41308036,24.53714286,24.54200893,23.75142857,24.57232143,24.95732143,24.86040179,24.93035714,24.96089286,25.38232143,26.37497768,26.76629464,25.86100446,26.83696429,26.53794643,26.55482143,26.6796875,27.198125,26.48830357,25.6928125,26.72383929,26.20203125,26.10761161,25.42841518,24.85513393,25.55578125,24.24138393,23.65015625,23.13191964,24.18888393,24.04357143,24.05415179,24.90691964,24.89174107
Uganda,Sironko,Budadiri,UGA.54.1_1,24.45222738,24.3987703,24.2237355,23.87069606,24.43088167,26.07194896,24.56735499,25.94716937,26.34336427,26.99863109,25.62832947,25.16025522,25.07074246,23.07983759,23.44113689,23.44675174,23.11097448,23.00257541,22.56387471,22.8687935,21.37180974,22.55941995,22.68113689,23.34716937,22.23844548,23.50772622,21.90424594,23.40039443,22.98192575,23.72930394,23.22359629,23.50865429,24.10410673,24.59890951,24.00986079,23.63,24.01292343,23.29821346,23.41816705,23.07774942,23.20345708,22.30308585,23.29422274,23.41812065,23.56763341,22.25083527
Uganda,Sironko,Bulambuli,UGA.54.2_1,26.75123577,25.78395122,27.75995122,27.11995122,27.56678049,28.38528455,29.75517073,29.11965854,30.27689431,28.90443902,28.65897561,27.6842439,27.77211382,26.27949593,25.13666667,24.88613008,25.31198374,24.67312195,24.4655122,24.46326829,23.64889431,23.38671545,24.4058374,24.73647154,24.82726829,24.3955935,24.07299187,24.47211382,24.24960976,25.28639024,24.08804878,24.52017886,25.07669919,26.17455285,25.08921951,25.55686179,24.89578862,24.72827642,25.00756098,24.50853659,25.37282927,24.74086179,25.43630894,25.68297561,25.46073171,24.24164228
Uganda,Sironko,Mt. Elgon Np,UGA.54.3_1,12.04899582,12.07828452,11.74899582,11.77083682,13.76188285,13.86112971,12.00188285,13.12506276,14.26715481,15.08104603,13.35317992,12.04707113,11.90196653,11.75560669,10.7765272,11.9960251,12.01953975,10.64129707,10.96263598,10.98029289,11.04447699,10.1016318,9.746820084,10.09962343,10.21811715,10.85242678,11.01761506,10.71769874,10.67845188,10.67794979,11.87066946,10.5476569,11.36146444,11.4039749,9.867405858,12.08690377,10.36154812,9.692677824,10.09786611,9.708661088,10.81451883,10.81,10.75158996,10.77970711,11.37401674,12.33594142
Uganda,Soroti,Kasilo,UGA.55.1_1,25.33653184,24.4153633,25.39340075,24.67022472,24.91097378,26.41137828,25.95172285,25.49509363,26.8495206,25.43037453,24.16676404,24.79762547,24.56385768,23.78507116,23.20913109,24.2182397,23.71391011,23.77194757,23.93107865,23.6238427,22.44697378,23.27322097,23.15921348,23.09859925,23.4005618,22.6514382,23.20781273,22.73868914,22.97209738,24.22914607,23.28253933,23.33964794,24.29029963,24.23978277,23.66635955,24.2257603,23.76217978,23.41275655,23.19007491,23.86381273,22.64943071,24.04502622,23.49958801,23.57383521,23.85068914,23.02186517
Uganda,Soroti,Serere,UGA.55.2_1,27.8512228,27.27482902,28.06222798,27.49636269,27.54102591,29.48185492,30.03221762,29.11739896,30.72218653,28.27422798,27.54179275,27.81773057,26.25984456,26.32425907,25.49250777,25.99120207,25.5181658,25.5526943,25.08471503,24.99874611,24.5593886,24.82009326,25.0581658,25.08415544,25.3888601,24.60817617,25.19636269,24.80794819,24.27014508,25.94796891,24.8942487,25.3822487,26.35592746,26.51354404,25.63563731,25.73708808,25.45926425,25.14834197,25.19111917,25.95974093,25.43248705,25.74995855,24.77002073,25.85659067,25.71190674,25.4579171
Uganda,Soroti,Soroti,UGA.55.4_1,28.47491077,28.15820923,28.07875077,28.33903385,28.02230769,30.57002462,31.48027692,30.00505231,30.92074462,28.13972308,28.48648,28.09009846,27.53701538,27.38469538,26.21334769,26.27660923,26.52419077,26.60488,26.00623385,25.78316923,25.45935385,25.45802462,25.02142154,25.55993231,25.61192,24.92133538,25.34073231,24.89411077,25.14969231,26.30981538,26.02602462,25.93081231,26.75372923,27.13829538,25.88832615,25.80488,25.91838154,26.27567385,26.09669538,26.64982769,25.85893538,25.91555077,25.65238769,26.75151385,26.44008,26.43813538
Uganda,Soroti,Soroti (Municipality),UGA.55.3_1,29.36419355,27.96741935,28.38419355,29.29645161,29.65516129,32.08612903,32.06096774,31,,,,,,,,,,,,,,,,,,,,,,,,,,,,,,,,,,,,,,
